formula,Property $\beta$1,Property Zc,Property Zc units,Property Tl,Property Tl units,Property $\alpha$,Property 1/$\omega$,Property Tx/Tl,Property Dmax,Property Dmax units,Property Tm,Property Tm units,Property $\omega$,Property $\phi$,Property $\Delta$Trg,Property Rc,Property Rc units,Property Trg,Property $\delta$,Property Zmax,Property Zmax units,Property Tx,Property Tx units,Property Density,Property Density units,Property $\gamma$,Property Structure,Property Txg,Property Txg units,Property Tg/Tm,Property $\Delta$Tx,Property Tg,Property Tg units,Property $\beta$,Property R,Property $\gamma$m
Gd$_{36}$Al$_{24}$Co$_{20}$Y$_{20}$,,3,mm,1048,K,,,0.627862595,,,,,0.149656606,,,,,0.575381679,,,,658,K,,,0.398546336,,,,,,603,K,,,
Ca$_{65}$Mg$_{10}$Zn$_{25}$,2.5459,,,659,K,0.62519,5.3405,0.625189681,2,mm,,,0.187248385,0.40723,0.12411,,,0.57208,1.461,,,412,K,,,0.39768,,,,,35,377,K,1.6649,,0.6783
(Fe$_{0.75}$B$_{0.15}$Si$_{0.10}$)$_{99}$Nb,1.9596,,,1455,K,0.58955,4.3116,0.589690722,0.5,mm,,,0.231932461,0.36769,0.06715,,,0.56,1.3399,,,858,K,,,0.37791,,,,,43,815,K,1.6128,,0.61909
Ca$_{45}$Mg$_{19}$Cu$_{36}$,2.0878,,,714,K,0.59944,4.6455,0.599439776,0.5,mm,,,0.215262082,0.38411,0.09206,,,0.55882,1.3587,,,428,K,,,0.38455,,,,,29,399,K,1.6315,,0.64006
Mg$_{59.4}$Cu$_{23}$Ag$_{6.6}$Gd$_{11}$,,,,700,K,,,,,,,,,,,,,0.607,,,,,,,,,,,,,,425,K,,,
Ni$_{69}$Cr$_{8.5}$Nb$_{3}$P$_{13.5}$B$_{6}$,,,,1243,K,,,,,,,,,,,,,0.54,,,,,,,,,,,,,,671,K,,,
Dy$_{46}$Al$_{24}$Co$_{18}$Fe$_{2}$Y$_{10}$,,5,mm,1023,K,,,0.661779081,,,,,,,,,,0.612903226,,,,677,K,,,0.41030303,,,,,,627,K,,,
Pd$_{77}$Cu$_{6}$Si$_{17}$,2.2543,,,1128,K,0.60816,,0.608156028,,,,,0.21044,0.38794,0.09053,125,K/s,0.56915,1.4115,,,686,K,,,0.38757,,,,,44,642,K,1.6377,,0.64716
Pt$_{42.5}$Cu$_{27}$Ni$_{59.5}$P$_{21}$,,20,mm,873,K,,,0.674684994,,,,,0.159647138,,,,,0.589919817,,,,589,K,,,0.424351585,,,,,,515,K,,,
Pd$_{73.5}$Cu$_{10}$Si$_{16.5}$,2.1722,,,1136,K,0.60299,4.6021,0.602992958,2,mm,,,0.217292106,0.38151,0.08147,,,0.56778,1.3951,,,685,K,,,0.38462,,,,,40,645,K,1.6298,,0.6382
Mg$_{65}$Cu$_{15}$Ag$_{5}$Pd$_{5}$Y$_{10}$,,7,mm,,,,,,,,,,,,,,,,,,,471,K,,,,,,,,,437,K,,,
Ni$_{42}$Ti$_{20}$Zr$_{20.5}$Al$_{8}$Cu$_{5}$Si$_{4.5}$,2.5309,,,1364,K,0.62757,5.75,0.627565982,2,mm,,,0.173913043,0.414,0.15474,,,0.55938,1.4243,,,856,K,,,0.40244,,,,,93,763,K,1.6813,,0.69575
Cu$_{60}$Hf$_{40}$,,,,1290,K,,,0.641,,,,,0.185309662,,,,,0.599,,,,827,K,,,0.401,,,,,54,773,K,,1.254,
Zr$_{45.38}$Ti$_{9.62}$Cu$_{8.75}$Ni$_{10}$Be$_{26.25}$,1.8515,,,1239,K,0.59726,,0.597255851,,,,,0.17272,0.39587,0.18994,17.5,K/s,0.50282,1.2013,,,740,K,,,0.39742,,,,,117,623,K,1.6906,,0.69169
Cu$_{55}$Zr$_{40}$Ga$_{5}$,3.3451,,,1193,K,0.65298,5.5032,0.652975692,2,mm,,,0.181712458,0.41102,0.09409,,,0.61693,1.7046,,,779,K,,,0.40384,,,,,43,736,K,1.6754,,0.68902
Zr$_{51}$Cu$_{20.7}$Ni$_{12}$Al$_{16.3}$,5.2402,,,1132,K,0.70671,8.0878,0.706713781,3,mm,,,0.123643018,0.46397,0.19024,,,0.63781,1.9512,,,800,K,,,0.4315,,,,,78,722,K,1.7458,,0.77562
Pd$_{45}$Cu$_{25}$Ni$_{10}$P$_{20}$,9.1945,,,884,K,0.76357,,0.763574661,,,,,0.07688,0.50519,0.27682,0.1,K/s,0.67308,2.3356,,,675,K,,,0.45639,,,,,80,595,K,1.8075,,0.85407
Cu$_{45}$Zr$_{48}$Al$_{7}$,3.0744,,,1186,K,0.64587,5.6607,0.645868465,5,mm,,,0.176656597,0.41741,0.12134,,,0.59696,1.6025,,,766,K,,,0.40444,,,,,58,708,K,1.6789,,0.69477
La$_{62}$Al$_{14}$(Cu$_{.833}$Ag$_{.167}$)$_{20}$(Ni$_{.15}$Co$_{.15}$)$_{4}$,3.3482,,,713,K,0.66199,7.1206,0.661991585,16,mm,,,0.140437604,0.43869,0.19934,,,0.57784,1.5681,,,472,K,,,0.41956,,,,,60,412,K,1.7235,,0.74614
Ti$_{50}$Ni$_{24}$Cu$_{20}$BSi$_{2}$Sn$_{3}$,2.233,,,1310,K,0.61069,5.1457,0.610687023,1,mm,,,0.194337019,0.39981,0.12671,,,0.5542,1.3699,,,800,K,,,0.39293,,,,,74,726,K,1.6561,,0.66718
Ni$_{66}$Zr$_{34}$,,,,1393,K,,,0.629,,,,,0.217716165,,,,,0.617,,,,876,K,,,0.389,,,,,17,859,K,,1.254,
Cu$_{60}$Hf$_{25}$Ti$_{15}$,3.8506,,,1177,K,0.6712,6.3111,0.671197961,4,mm,,,0.158450983,0.43388,0.13423,,,0.62022,1.7673,,,790,K,,,0.41426,,,,,60,730,K,1.7024,,0.72218
Ca$_{70}$Mg$_{15}$Zn$_{15}$,1.7393,,,688,K,0.57703,4.2763,0.577034884,0.5,mm,,,0.233847017,0.36873,0.08202,,,0.53924,1.2524,,,397,K,,,0.37488,,,,,26,371,K,1.6093,,0.61483
((Co$_{0.9}$Fe$_{0.1}$)$_{0.75}$B$_{0.2}$Si$_{0.05}$)$_{96}$Nb$_{4}$,1.7956,,,1457,K,0.57859,4.1334,0.578586136,2,mm,,,0.241931582,0.3589,0.06116,,,0.551,1.289,,,843,K,,,0.37301,,,,,40,803,K,1.6009,,0.60604
Co$_{43}$Fe$_{20}$Ta$_{5.5}$B$_{31.5}$,3.0196,,,1526,K,0.64351,5.5694,0.643512451,2,mm,,,0.179552555,0.4149,0.11688,,,0.59633,1.5942,,,982,K,,,0.40312,,,,,72,910,K,1.6755,,0.69069
Cu$_{65}$Hf$_{35}$,,,,1259,K,,,0.661,,,,,0.173015649,,,,,0.621,,,,832,K,,,0.408,,,,,51,781,K,,1.254,
Cu$_{55}$Hf$_{45}$,,,,1295,K,,,0.641,,,,,0.182545866,,,,,0.595,,,,830,K,,,0.402,,,,,59,771,K,,0.797,
{[(Fe0.6Co0.4)0.75B0.2Si0.05]0.96Nb0.04}97Cr3,2.0175,,,1474,K,0.5929,4.3524,0.592944369,3.5,mm,,,0.229758294,0.3691,0.0669,,,0.5638,1.3593,,,874,K,,,0.3792,,,,,43,831,K,1.6155,,0.6221
Cu$_{44}$Zr$_{44}$Ag$_{12}$,3.4008,,,1156,K,0.6609,6.5872,0.660899654,4,mm,,,0.15180957,0.4353,0.1695,,,0.5917,1.6186,,,764,K,,,0.4152,,,,,80,684,K,1.7087,,0.7301
Au$_{35}$Ca$_{65}$,,,,1116,K,,,,,,,,,,,,,0.508,,,,,,,,,,,,,,567,K,,0.711,
Mg$_{65}$Cu$_{15}$Ag$_{10}$Y$_{10}$,,7,mm,694,K,,,0.675792507,,,,,0.141126709,,,,,0.616714697,,,,469,K,,,0.418003565,,41,K,,,428,K,,,
Ag$_{10}$Cu$_{25}$Zr$_{65}$,,,,,,,,,,,,,,,,,,,,,,690.3411,K,,,,,,,,64.51378546,625.8273,K,,,
Fe$_{58}$Cr$_{5}$Mo$_{14}$Er$_{2}$C$_{15}$B$_{6}$,1.9079,,,1416,K,0.58545,4.1911,0.585451977,6,mm,,,0.238600845,0.35989,0.05778,,,0.56003,1.3307,,,829,K,,,0.37528,,,,,36,793,K,1.6054,,0.61088
Ca$_{40}$Mg$_{30}$Cu$_{30}$,2.437,,,694,K,0.6196,5.1768,0.619596542,0.5,mm,,,0.193169526,0.40246,0.11706,,,0.56916,1.4381,,,430,K,,,0.39486,,,,,35,395,K,1.6578,,0.67003
Mg$_{65}$Cu$_{15}$Ag$_{10}$Gd$_{10}$,3.7056,,,686,K,0.6691,6.6082,0.66909621,7.5,mm,,,0.151327139,0.43835,0.15926,,,0.60641,1.7,,,459,K,,,0.41652,,,,,43,416,K,1.7098,,0.73178
Fe$_{74.5}$Mo$_{5.5}$P$_{12.5}$C$_{5}$B$_{2.5}$,,,,1219,K,,,,,,,,,,,,,0.57,,,,,,,,,,,,,,695,K,,,
Cu$_{50}$Zr$_{45}$Al$_{5}$,,,,1149.18,K,,,,,,,,,,,,,0.61,,,,,,,,,,,,,72,701,K,,,
Ce$_{70}$Al$_{15}$Cu$_{15}$,,,,774.4681,K,,,,,,,,0.257095942,,,,,0.47,,,,406,K,,,0.356619571,,,,,42,364,K,,,
Fe$_{72}$Nb$_{4}$B$_{20}$Si$_{4}$,2.541,,,1420,K,0.61972,4.7093,0.61971831,2,mm,,,0.212345784,0.38073,0.06574,,,0.59296,1.5225,,,880,K,,,0.38904,,,,,38,842,K,1.6381,,0.64648
Cu$_{45}$Zr$_{45}$Al$_{10}$,,,,1159,K,,,,,,,,0.153,,,,,0.61,,,,776,K,,,0.416,,,,,70,706,K,,,
Pd$_{79}$Cu$_{3}$Ag$_{3}$Si$_{10}$P$_{5}$,4.0183,,,1005,K,0.6796,7.2621,0.67960199,5,mm,,,0.137701216,0.44804,0.18481,,,0.60697,1.7291,,,683,K,,,0.42291,,,,,73,610,K,1.7266,,0.75224
Ca$_{50}$Mg$_{22.5}$Cu$_{27.5}$,3.6199,,,663,K,0.66667,6.5621,0.666666667,10,mm,,,0.152390241,0.4371,0.1597,,,0.60332,1.6806,,,442,K,,,0.4158,,,,,42,400,K,1.7083,,0.73002
La$_{70}$Al$_{14}$(CuNi)$_{16}$,,0.5,mm,763,K,,,0.56225426,,,,,0.222226104,,,,,0.52948886,,,,429,K,,,0.367609254,,,,,,404,K,,,
Ca$_{55}$Mg$_{20}$Zn$_{25}$,2.1834,,,702,K,0.60969,5.2947,0.60968661,2,mm,,,0.188868113,0.40167,0.14107,,,0.54558,1.3417,,,428,K,,,0.39447,,,,,45,383,K,1.6631,,0.67379
Cu$_{60}$Zr$_{40}$,,,,1198,K,,,0.634,,,,,0.21001032,,,,,0.618,,,,760,K,,,0.392,,,,,20,740,K,,1.254,
Ti$_{55}$Zr$_{10}$Cu$_{9}$Ni$_{8}$Be$_{18}$,3.5045,,,1013,K,0.65844,5.6532,0.658440276,6,mm,,,0.176890964,0.41566,0.09896,,,0.62093,1.737,,,667,K,,,0.40621,,,,,38,629,K,1.6813,,0.69595
Ti$_{45}$Ni$_{15}$Cu$_{25}$Sn$_{3}$Be$_{7}$Zr$_{5}$,3.1336,,,1142,K,0.64886,5.8395,0.648861646,5,mm,,,0.171247538,0.42179,0.13203,,,0.59545,1.6039,,,741,K,,,0.4067,,,,,61,680,K,1.6852,,0.70228
Mg$_{75}$Ni$_{15}$Nd$_{10}$,2.0654,,,790,K,0.59494,,0.594936709,,,,,0.23164,0.36494,0.05882,46.1,K/s,0.56962,1.3824,,,470,K,,,0.37903,,,,,20,450,K,1.6141,,0.62025
Fe$_{69}$Ni$_{3}$Y$_{6}$B$_{22}$,2.2617,,,1503,K,0.6055,4.4433,0.605455755,1.5,mm,,,0.225057952,0.3685,0.0572,,,0.5815,1.4467,,,910,K,,,0.3828,,,,,36,874,K,1.6227,,0.6294
Fe$_{70}$Co$_{2}$Y$_{6}$B$_{22}$,3.7414,,,1420,K,0.6648,5.6668,0.664788732,2,mm,,,0.176466436,0.4135,0.0881,,,0.6324,1.8084,,,944,K,,,0.4073,,,,,46,898,K,1.6836,,0.6972
La$_{55}$Al$_{25}$Ni$_{5}$Cu$_{15}$,1.8617,,,878.1,K,0.59219,,0.592187678,,,,,0.19623,0.39166,0.14535,35.9,K/s,0.52283,1.2411,,,520,K,,,0.38887,,,,,60.9,459.1,K,1.6555,,0.66154
Pd$_{42.5}$Cu$_{30}$Ni$_{7.5}$P$_{20}$,12.513,,,834,K,0.79137,,0.791366906,,,,,0.05436,0.52463,0.33077,0.067,K/s,0.68825,2.5385,,,660,K,,,0.46875,,,,,86,574,K,1.8381,,0.89448
Fe$_{68}$Mo$_{4}$Y$_{6}$B$_{22}$,2.9187,,,1488,K,0.6344,4.8139,0.634408602,6.5,mm,,,0.207731777,0.3754,0.0506,,,0.6149,1.6475,,,944,K,,,0.3928,,,,,29,915,K,1.6466,,0.6539
Ca$_{55}$Mg$_{15}$Cu$_{30}$,2.3975,,,706,K,0.61898,5.3019,0.61898017,3,mm,,,0.18861163,0.405,0.12945,,,0.56232,1.4142,,,437,K,,,0.39619,,,,,40,397,K,1.6631,,0.67564
Zr$_{48}$Cu$_{36}$Ag$_{8}$Al$_{8}$,4.4049,,,1143,K,0.69204,8.3717,0.692038495,25,mm,,,0.119450052,0.45863,0.223,,,0.604,1.7461,,,791,K,,,0.43153,,,,,101,690,K,1.7501,,0.7804
Cu$_{51.5}$Zr$_{40.5}$Al$_{8}$,,,,1176,K,,,,,,,,0.158,,,,,0.621,,,,790,K,,,0.414,,,,,60,730,K,,,
((Co$_{0.6}$Fe$_{0.4}$)$_{0.75}$B$_{0.2}$Si$_{0.05}$)$_{96}$Nb$_{4}$,2.3279,,,1418,K,0.61001,4.6093,0.610014104,4,mm,,,0.216952683,0.37927,0.07059,,,0.58,1.4538,,,865,K,,,0.38599,,,,,42,823,K,1.6314,,0.63963
Ca$_{65}$Mg$_{20}$Zn$_{15}$,2.225,,,668,K,0.60629,4.6931,0.606287425,5,mm,,,0.213078775,0.38548,0.08681,,,0.56886,1.4063,,,405,K,,,0.38645,,,,,25,380,K,1.6347,,0.64371
Ca$_{40}$Mg$_{25}$Cu$_{35}$,2.922,,,680,K,0.64118,5.6959,0.641176471,4,mm,,,0.17556488,0.41762,0.13167,,,0.58676,1.5516,,,436,K,,,0.40408,,,,,37,399,K,1.6795,,0.69559
La$_{55}$Al$_{25}$Ni$_{5}$Cu$_{10}$Co$_{5}$,3.1989,,,822.5,K,0.65872,,0.658723404,,,,,0.13609,0.43699,0.21439,18.8,K/s,0.56559,1.5164,,,541.8,K,,,0.42075,,,,,76.6,465.2,K,1.7303,,0.75185
Ni$_{60}$Zr$_{20}$Ti$_{5}$Nb$_{10}$Al$_{5}$,3.1724,,,1379,K,0.6498,5.7914,0.649746193,2,mm,,,0.172669821,0.4209,0.1266,,,0.599,1.6203,,,896,K,,,0.4064,,,,,70,826,K,1.6837,,0.7005
Zr$_{54}$Cu$_{38}$Al$_{8}$,,,,1190,K,,,,,,,,0.179,,,,,0.581,,,,757,K,,,0.402,,,,,65,692,K,,,
Cu$_{38}$Zr$_{46}$Ag$_{8}$Al$_{8}$,4.4909,,,1145,K,0.6943,8.5442,0.694323144,20,mm,,,0.117038459,0.4603,0.2274,,,0.6044,1.755,,,795,K,,,0.4328,,,,,103,692,K,1.7532,,0.7843
Be$_{30}$Zr$_{70}$,,,,1393,K,,,0.465,,,,,0.334821154,,,,,0.44,,,,648,K,5.72,g/cm3,0.323,,,,,35,613,K,,0.709,
Ni$_{60}$Nb$_{20}$Zr$_{20}$,3.0401,,,1391,K,0.64055,5.0735,0.64054637,0.5,mm,,,0.197102592,0.39301,0.07063,,,0.61323,1.6561,,,891,K,,,0.39706,,,,,38,853,K,1.6578,,0.66786
Fe$_{74}$Mo$_{4}$Ga$_{2}$P$_{10}$C$_{4}$B$_{4}$Si$_{2}$,2.4765,,,1276,K,0.61919,4.9375,0.619122257,1.5,mm,,,0.202531646,0.39453,0.09331,,,0.58,1.4743,,,790,K,,,0.39189,,,,,50,740,K,1.6476,,0.65838
(Cu$_{0.5}$Zr$_{0.425}$Ti$_{0.075}$)$_{98.8}$Sn$_{0.6}$Si$_{0.6}$,3.022,,,1141,K,0.6433,5.5268,0.643295355,7,mm,,,0.180936527,0.4137,0.1133,,,0.5977,1.5991,,,734,K,,,0.4026,,,,,52,682,K,1.674,,0.6889
(Fe$_{0.75}$B$_{0.15}$Si$_{0.10}$)$_{99}$Zr,2.6293,,,1469,K,0.62539,4.9682,0.625595643,0.75,mm,,,0.201280142,0.39455,0.08631,,,0.59,1.5253,,,919,K,,,0.39332,,,,,52,867,K,1.65,,0.66077
Pd$_{81}$Si$_{19}$,,,,1128,K,,,0.616,,,,,0.192593439,,,,,0.562,,,,695,K,,,0.394,,,,,61,634,K,,0.775,
Zr$_{52.5}$Cu$_{17.9}$Ni$_{14.5}$Al$_{10}$Ti$_{5}$,,,,1091,K,,,,,,,,,,,,,0.606,,,,,,,,,,,,,,661,K,,,
Cu$_{43}$Zr$_{40}$Ag$_{7}$Ti$_{10}$,3.0808,,,1095,K,0.6457,5.5998,0.6456621,7,mm,,,0.178577806,0.4158,0.1162,,,0.5991,1.6105,,,707,K,,,0.4038,,,,,51,656,K,1.6768,,0.6922
Zr$_{55}$Al$_{20}$Co$_{25}$,3.8972,,,1245,K,0.6747,6.7922,0.674698795,2.5,mm,,,0.147227702,0.44212,0.16322,,,0.61124,1.7355,,,840,K,,,0.41874,,,,,79,761,K,1.7151,,0.73815
Zr$_{65}$Be$_{35}$,1.0262,,,1238,K,0.50323,,0.503231018,,,,,0.33047,0,0,1E7,K/s,0.50323,1.013,,,623,K,,,0.33477,,,,,0,623,K,1.5032,,0.50323
Mg$_{65}$Cu$_{20}$Ni$_{5}$Gd$_{10}$,,5,mm,786,K,,,0.611959288,,,,,,,,,,0.534351145,,,,481,K,,,0.398839138,,,,,,420,K,,,
La$_{68}$Al$_{14}$(CuNi)$_{18}$,,1,mm,724,K,,,0.595303867,,,,,0.188980086,,,,,0.559392265,,,,431,K,,,0.381753764,,,,,,405,K,,,
Mg$_{65}$Cu$_{15}$Ag$_{10}$Y$_{2}$Gd$_{8}$,4.0633,,,683,K,0.67936,6.9632,0.679355783,9,mm,,,0.143612132,0.44537,0.1673,,,0.61493,1.7643,,,464,K,,,0.42067,,,,,44,420,K,1.7197,,0.74378
Zr$_{41.2}$Ti$_{13.8}$Cu$_{12.5}$Ni$_{10}$Be$_{22.5}$,3.9881,,,996,K,0.6747,,0.674698795,,,,,0.15747,0.43483,0.13137,1.4,K/s,0.6255,1.8016,,,672,K,,,0.41507,,,,,49,623,K,1.7042,,0.7239
Pr$_{72}$(CuNi)$_{25}$Al$_{3}$,,1.5,mm,743,K,,,0.541049798,,,,,0.27943195,,,,,0.493943472,,,,402,K,,,0.362162162,,,,,,367,K,,,
Pd$_{95}$Si$_{5}$,0.3863,,,1688,K,0.38329,,0.383293839,,,,,0.44582,0,0,5E7,K/s,0.38329,0.6215,,,647,K,,,0.27709,,,,,0,647,K,1.3833,,0.38329
Cu$_{52.5}$Hf$_{40}$Al$_{7.5}$,3.7317,,,1250,K,0.6664,5.977,0.6664,3,mm,,,0.167308014,0.42547,0.11465,,,0.6232,1.7686,,,833,K,,,0.41055,,,,,54,779,K,1.6925,,0.7096
Fe$_{68}$Co$_{4}$Y$_{6}$B$_{22}$,3.7686,,,1414,K,0.6655,5.6683,0.665487977,2,mm,,,0.176419738,0.4131,0.0869,,,0.6337,1.8166,,,941,K,,,0.4074,,,,,45,896,K,1.6839,,0.6973
Cu$_{47}$Ti$_{33}$Zr$_{9}$Nb$_{2}$Ni$_{8}$Si,3.5197,,,1159,K,0.65746,5.4411,0.65746333,5,mm,,,0.183786367,0.40529,0.07889,,,0.62813,1.768,,,762,K,,,0.40382,,,,,34,728,K,1.6748,,0.6868
Ni$_{65}$Zr$_{35}$,,,,1353,K,,,0.638,,,,,0.199569456,,,,,0.611,,,,863,K,,,0.396,,,,,36,827,K,,1.54,
Cu$_{47}$Ti$_{33}$Zr$_{11}$Ni$_{2}$Sn$_{6}$Si,,,,1181,K,,,,,,,,0.113943561,,,,,0.582403906,,,,809,K,,,0.432977825,,,,,121,688,K,,,
Cu$_{40}$Zr$_{40}$Ag$_{10}$Al$_{10}$,2.1047,,,1273,K,0.6009,4.7166,0.600942655,3,mm,,,0.212017131,0.3869,0.0977,,,0.5577,1.3588,,,765,K,,,0.3858,,,,,55,710,K,1.6352,,0.6442
Ca$_{62.5}$Mg$_{17.5}$Zn$_{20}$,2.9721,,,640,K,0.64375,5.8385,0.64375,10,mm,,,0.171276869,0.42074,0.13962,,,0.58594,1.5547,,,412,K,,,0.40591,,,,,37,375,K,1.6846,,0.70156
Ti$_{53}$Cu$_{15}$Ni$_{18.5}$Al$_{7}$Si$_{3}$Hf$_{3}$B$_{0.5}$,2.25,,,1230,K,0.60894,4.8585,0.608943089,2,mm,,,0.205824843,0.39211,0.10093,,,0.56504,1.4,,,749,K,,,0.38909,,,,,54,695,K,1.6427,,0.65285
Zr$_{57}$Nb$_{5}$Cu$_{15.4}$Ni$_{12.6}$Al$_{10}$,,,,1115,K,,,,,,,,,,,,,0.604,,,,,,,,,,,,,,674,K,,,
Ni$_{60}$Zr$_{20}$Ti$_{7.5}$Nb$_{7.5}$Al$_{5}$,2.917,,,1385,K,0.639,5.4044,0.63898917,2,mm,,,0.185034416,0.41,0.1087,,,0.595,1.5775,,,885,K,,,0.4006,,,,,61,824,K,1.669,,0.683
Al$_{23.5}$Co$_{23.5}$Zr$_{53}$,,,,1320,K,,,,,,,,0.177610985,,,,,0.59,,,,849,K,,,0.403708987,,,,,66,783,K,,,
Pr$_{60}$Fe$_{30}$Al$_{10}$,,,,950.1,K,,,,,,873.4,K,,,,,,0.605,,3,mm,,,,,,off eutectic,,,0.658,,575,K,,,
Ni$_{42}$Ti$_{19}$Zr$_{22.5}$Al$_{8}$Cu$_{5}$Si$_{3.5}$,2.4688,,,1363,K,0.62069,5.1537,0.620689655,3,mm,,,0.194035353,0.402,0.11321,,,0.57227,1.4511,,,846,K,,,0.39477,,,,,66,780,K,1.6569,,0.66911
Cu$_{42}$Zr$_{42}$Ag$_{8}$Al$_{8}$,2.933,,,1213,K,0.643,5.9275,0.6430338,12,mm,,,0.168705188,0.4219,0.1476,,,0.5812,1.5354,,,780,K,,,0.4067,,,,,75,705,K,1.6876,,0.7049
Sc$_{36}$Al$_{24}$Co$_{20}$Y$_{20}$,,3,mm,1048,K,,,0.72519084,,,,,0.174749271,,,,,0.631679389,,,,760,K,,,0.444444444,,,,,,662,K,,,
Cu$_{46.4}$Ag$_{11.6}$Zr$_{35}$Ti$_{7}$,3.3675,,,1119,K,0.65416,5.5838,0.654155496,6,mm,,,0.179089509,0.4141,0.1,,,0.61573,1.7023,,,732,K,,,0.40487,,,,,43,689,K,1.6781,,0.69258
Cu$_{48}$Zr$_{48}$Ag$_{4}$,2.4334,,,1199,K,0.6197,5.206,0.619683069,3,mm,,,0.192086055,0.4032,0.1197,,,0.568,1.4344,,,743,K,,,0.3952,,,,,62,681,K,1.659,,0.6714
Cu$_{45}$Zr$_{45}$Ag$_{10}$,3.1793,,,1159,K,0.6523,6.1784,0.652286454,6,mm,,,0.161854202,0.428,0.1534,,,0.5893,1.5882,,,756,K,,,0.4104,,,,,73,683,K,1.6962,,0.7153
Fe$_{75}$Mo$_{4}$P$_{10}$C$_{4}$B$_{4}$Si$_{3}$,3.2838,,,1227,K,0.65131,5.5217,0.651181744,4,mm,,,0.181103646,0.41236,0.099,,,0.613,1.683,,,799,K,,,0.40379,,,,,47,752,K,1.6755,,0.68963
Er$_{50}$Al$_{24}$Co$_{20}$Y$_{6}$,,8,mm,1079,K,,,0.65060241,,,,,0.131787543,,,,,0.603336423,,,,702,K,,,0.405780347,,,,,,651,K,,,
Ca$_{70}$Mg$_{10}$Zn$_{20}$,2.1999,,,657,K,0.60731,4.926,0.607305936,0.5,mm,,,0.203004466,0.39408,0.11034,,,0.5586,1.3759,,,399,K,,,0.38965,,,,,32,367,K,1.6458,,0.65601
Ti$_{50}$Cu$_{42.5}$Ni$_{7.5}$,1.7679,,,1226,K,0.57749,4.174,0.577487765,0.2,mm,,,0.239578342,0.36255,0.06835,,,0.54649,1.2734,,,708,K,,,0.37342,,,,,38,670,K,1.6032,,0.60848
Fe$_{61}$B$_{15}$Mo$_{7}$Zr$_{8}$Co$_{7}$Y$_{2}$,2.5196,,,1490,K,0.61503,4.318,0.615033557,5,mm,,,0.231588698,0.32642,0.02016,,,0.60711,1.5654,,,916.4,K,,,0.38269,,,,,11.8,904.6,K,1.6202,,0.62295
Ni$_{69}$Cr$_{8.5}$Nb$_{3}$P$_{19.5}$,,,,1136,K,,,,,,,,,,,,,0.581,,,,,,,,,,,,,,660,K,,,
Ca$_{60}$Mg$_{20}$Cu$_{20}$,2.2534,,,678,K,0.60767,4.7046,0.607669617,4,mm,,,0.212557922,0.38578,0.08591,,,0.5708,1.4158,,,412,K,,,0.38685,,,,,25,387,K,1.6354,,0.64454
La$_{62.5}$Al$_{12.5}$Ag$_{5}$Cu$_{17.5}$Fe$_{2.5}$,2.9737,,,711,K,0.6526,7.5158,0.652601969,7,mm,,,0.133053035,0.4326,0.2281,,,0.5499,1.45,,,464,K,,,0.4211,,,,,73,391,K,1.7366,,0.7553
Zr$_{50}$Cu$_{38}$Al$_{12}$,,,,1170,K,,,,,,,,0.17,,,,,0.617,,,,774,K,,,0.409,,,,,52,722,K,,,
Cu$_{54}$Ni$_{6}$Zr$_{22}$Ti$_{18}$,,6,mm,1287,K,,,0.597513598,,,,,0.249351334,,,,,0.553224553,,,,769,K,,,0.384692346,,,,,,712,K,,,
Fe$_{56}$Co$_{16}$Y$_{6}$B$_{22}$,2.5432,,,1494,K,0.6205,4.784,0.620481928,2.5,mm,,,0.2090301,0.3858,0.0735,,,0.5904,1.5147,,,927,K,,,0.3902,,,,,45,882,K,1.6414,,0.6506
Al$_{22.3}$Co$_{22.3}$Zr$_{55.4}$,,,,1326,K,,,,,,,,0.20818504,,,,,0.578,,,,815,K,,,0.389393215,,,,,48,767,K,,,
Pd$_{37.5}$Cu$_{30}$Ni$_{12.5}$P$_{20}$,4.6537,,,929,K,0.69645,,0.696447793,,,,,0.12192,0.46048,0.21008,0.133,K/s,0.61572,1.8123,,,647,K,,,0.43105,,,,,75,572,K,1.7468,,0.77718
Mg$_{65}$Cu$_{25}$Gd$_{5}$Y$_{5}$,2.7738,,,755,K,0.64371,7.0125,0.643708609,5,mm,,,0.142602496,0.42695,0.21345,,,0.54702,1.4211,,,486,K,,,0.4161,,,,,73,413,K,1.7238,,0.7404
Zr$_{50}$Cu$_{43}$Al$_{7}$,,,,1181,K,,,,,,,,0.141,,,,,0.595,,,,792,K,,,0.405,,,,,89,703,K,,,
Zr$_{48}$Cu$_{42}$Al$_{7}$Ag$_{3}$,3.8596,,,1135,K,0.67225,6.473,0.672246696,10,mm,,,0.154487873,0.43708,0.14483,,,0.61674,1.754,,,763,K,,,0.4158,,,,,63,700,K,1.7067,,0.72775
Zr$_{46}$Cu$_{49}$Al$_{5}$,,,,1193,K,,,,,,,,0.186,,,,,0.596,,,,762,K,,,0.4,,,,,51,711,K,,,
Sm$_{40}$Al$_{25}$Co$_{20}$Y$_{15}$,,3,mm,950,K,,,0.691578947,,,,,0.175578392,,,,,0.621052632,,,,657,K,,,0.426623377,,,,,,590,K,,,
Cu$_{60}$Hf$_{20}$Ti$_{20}$,2.8791,,,1211,K,0.63336,4.8494,0.633360859,4,mm,,,0.206211078,0.3806,0.05732,,,0.61107,1.6285,,,767,K,,,0.39313,,,,,27,740,K,1.6476,,0.65566
Al$_{32}$Ca$_{58}$Mg$_{10}$,,,,873,K,,,,,,,,0.211502783,,,,,0.587628866,,,,539,K,,,0.388888889,,,,,,513,K,,,
Ca$_{58}$Mg$_{18}$Cu$_{24}$,2.8458,,,667,K,0.63868,5.706,0.63868066,6,mm,,,0.175254118,0.41727,0.1362,,,0.58171,1.5269,,,426,K,,,0.40379,,,,,38,388,K,1.6796,,0.69565
Ce$_{60}$Al$_{20}$Co$_{20}$,,,,798.4934,K,,,,,,,,0.212318634,,,,,0.531,,,,468,K,,,0.38282415,,,,,44,424,K,,,
Cu$_{49}$Hf$_{42}$Al$_{9}$,4.5063,,,1249,K,0.69095,7.47,0.690952762,10,mm,,,0.133868809,0.45385,0.18047,,,0.6229,1.8323,,,863,K,,,0.42575,,,,,85,778,K,1.7322,,0.75901
Ni$_{59}$Zr$_{16}$Ti$_{13}$Si$_{3}$Sn$_{2}$Nb$_{7}$,4.3213,,,1301,K,0.68025,,0.680245965,,,,,0.16729,0.41989,0.08772,40,K/s,0.6495,1.9408,,,885,K,,,0.4124,,,,,40,845,K,1.6968,,0.71099
Al$_{20}$Ca$_{65}$Mg$_{15}$,,,,776,K,,,,,,,,0.195596607,,,,,0.596649485,,,,491,K,,,0.396287328,,,,,,463,K,,,
Ca$_{55}$Mg$_{25}$Ag$_{20}$,,,,661.8945,K,,,,,,,,0.181066096,,,,,0.616623225,,,,432.3881,K,,,0.404088163,,,,,26.07142857,408.1395,K,,,
La$_{55}$Al$_{15}$Ag$_{10}$Cu$_{20}$,2.1742,,,787,K,0.6137,5.8935,0.613722999,2,mm,,,0.169678459,0.4071,0.1806,,,0.5286,1.3019,,,483,K,,,0.4015,,,,,67,416,K,1.6896,,0.6989
Ce$_{70}$Al$_{10}$Cu$_{20}$,,2,mm,,,,,,,,,,0.168000357,,,,,,,,,401,K,,,,,,,,,341,K,,,
Pd$_{84}$Si$_{16}$,,,,1108,K,,,0.578,,,,,0.263558699,,,,,0.573,,,,640,K,,,0.367,,,,,5,635,K,,0.775,
Ag$_{30}$Cu$_{40}$Zr$_{30}$,,,,709.9448,K,,,,,,,,,,,,,1.005039841,,,,753.4057,K,,,0.529274929,,,,,39.88290733,713.5228,K,,,
Zr$_{50}$Cu$_{43}$Ag$_{7}$,2.4671,,,1171,K,0.6208,5.1801,0.620836892,4,mm,,,0.193046466,0.4027,0.1155,,,0.5713,1.4482,,,727,K,,,0.3951,,,,,58,669,K,1.658,,0.6704
Fe$_{68}$Mo$_{5}$Ni$_{5}$Cr$_{2}$P$_{12.5}$C$_{5}$B$_{2.5}$,,,,1213,K,,,,,,,,,,,,,0.567,,,,,,,,,,,,,,688,K,,,
Ca$_{55}$Mg$_{20}$Cu$_{25}$,1.9665,,,720,K,0.59167,4.4746,0.591666667,2,mm,,,0.223483663,0.37704,0.08411,,,0.55417,1.3271,,,426,K,,,0.3807,,,,,27,399,K,1.6218,,0.62917
Ti$_{42.5}$Zr$_{2.5}$Hf$_{5}$Cu$_{42.5}$Ni$_{7.5}$,2.1602,,,1203,K,0.60349,4.7104,0.603491272,2.5,mm,,,0.212296196,0.38659,0.09316,,,0.56276,1.3802,,,726,K,,,0.38617,,,,,49,677,K,1.6351,,0.64422
Hf$_{48}$Cu$_{29.25}$Ni$_{9.75}$Al$_{13}$,4.1623,,,1280,K,0.6828,7.2527,0.6828125,10,mm,,,0.137879686,0.4492,0.1798,,,0.6133,1.7657,,,874,K,,,0.4232,,,,,89,785,K,1.7267,,0.7523
(Cu$_{0.6}$Hf$_{0.25}$Ti$_{0.15}$)$_{94}$Nb$_{6}$,3.5655,,,1190,K,0.65966,5.586,0.659663866,4,mm,,,0.179018976,0.41208,0.08989,,,0.62605,1.764,,,785,K,,,0.40568,,,,,40,745,K,1.6797,,0.69328
{[(Fe0.6Co0.4)0.75B0.2Si0.05]0.96Nb0.04}99Cr1,2.0623,,,1462,K,0.5958,4.4073,0.595759234,4,mm,,,0.226896286,0.3719,0.0693,,,0.5657,1.3717,,,871,K,,,0.3805,,,,,44,827,K,1.6189,,0.6259
Zr$_{57}$Ti$_{5}$Al$_{10}$Cu$_{20}$Ni$_{8}$,2.6949,,,1145.2,K,0.62871,,0.628711142,,,,,0.19701,0.39883,0.09242,10,K/s,0.5909,1.5368,,,720,K,,,0.39519,,,,,43.3,676.7,K,1.6549,,0.66652
Zr$_{52}$Cu$_{38}$Al$_{10}$,,,,1181,K,,,,,,,,0.172,,,,,0.606,,,,767,K,,,0.411,,,,,62,705,K,,,
La$_{65}$Al$_{14}$Cu$_{9.2}$Ag$_{1.8}$Ni$_{5}$Co$_{5}$,,,,687,K,,,,,,,,,,,,,0.61,,,,,,,,,,,,,,419,K,,,
Fe$_{79}$P$_{10}$C$_{4}$B$_{4}$Si$_{3}$,2.3972,,,1263,K,0.61292,4.606,0.612826603,1,mm,,,0.21710812,0.37722,0.06503,,,0.586,1.4805,,,774,K,,,0.38646,,,,,34,740,K,1.6319,,0.63985
Zr$_{54}$Cu$_{40}$Al$_{6}$,,,,1216,K,,,,,,,,0.203,,,,,0.56,,,,741,K,,,0.39,,,,,57,684,K,,,
(Fe$_{0.75}$B$_{0.15}$Si$_{0.10}$)$_{98}$Nb$_{2}$,2.2971,,,1425,K,0.61071,4.8258,0.610526316,1,mm,,,0.207219528,0.39082,0.09468,,,0.57,1.4203,,,870,K,,,0.38899,,,,,58,812,K,1.6414,,0.65143
(Fe$_{72}$Nb$_{4}$B$_{20}$Si$_{4}$)$_{98}$Y$_{2}$,2.9337,,,1416,K,0.63771,5.1581,0.637711864,2,mm,,,0.193869836,0.39999,0.08556,,,0.60381,1.6096,,,903,K,,,0.39762,,,,,48,855,K,1.66,,0.67161
Cu$_{45}$Zr$_{15}$Ag$_{10}$Hf$_{30}$,2.5108,,,1275,K,0.6267,5.7321,0.626666667,2,mm,,,0.174456133,0.4134,0.1545,,,0.5584,1.4192,,,799,K,,,0.4021,,,,,87,712,K,1.6806,,0.6949
Mg$_{65}$Cu$_{20}$Zn$_{5}$Y$_{10}$,,6,mm,,,,,,,,,,,,,,,,,,,456,K,,,,,,,,,404,K,,,
Ca$_{63}$Al$_{32}$Ag$_{5}$,,,,,,,,,,,,,,,,,,,,,,527,K,,,,,,,,24,503,K,,,
Pd$_{45}$Cu$_{30}$Ni$_{5}$P$_{20}$,9.3188,,,861,K,0.76539,,0.765389082,,,,,0.07307,0.50699,0.28873,0.083,K/s,0.67015,2.3204,,,659,K,,,0.45828,,,,,82,577,K,1.8123,,0.86063
((Co$_{0.8}$Fe$_{0.2}$)$_{0.75}$B$_{0.2}$Si$_{0.05}$)$_{96}$Nb$_{4}$,1.9788,,,1445,K,0.59031,4.2918,0.590311419,2.5,mm,,,0.23300247,0.36574,0.06329,,,0.563,1.3497,,,853,K,,,0.37777,,,,,40,813,K,1.6118,,0.61799
Be$_{40}$Zr$_{60}$,,,,1343,K,,,0.501,,,,,0.291931634,,,,,0.464,,,,673,K,5.46,g/cm3,0.342,,,,,50,623,K,,0.709,
((Ni$_{0.8}$Fe$_{0.2}$)$_{0.75}$B$_{0.2}$Si$_{0.05}$)$_{96}$Nb$_{4}$,1.7479,,,1381,K,0.57567,4.1194,0.575669804,2,mm,,,0.242753799,0.35917,0.0639,,,0.547,1.27,,,795,K,,,0.37219,,,,,40,755,K,1.5997,,0.60463
Mg$_{65}$Ni$_{20}$Nd$_{15}$,2.4883,,,805,K,0.62236,,0.622360248,,,,,0.1899,0.40504,0.12139,30,K/s,0.57019,1.448,,,501,K,,,0.39636,,,,,42,459,K,1.6617,,0.67453
Ti$_{47.5}$Zr$_{2.5}$Cu$_{42.5}$Ni$_{7.5}$,1.9,,,1225,K,0.58776,4.4335,0.587755102,1.5,mm,,,0.22555543,0.37548,0.08514,,,0.54939,1.3043,,,720,K,,,0.37935,,,,,47,673,K,1.6192,,0.62612
Ti$_{53}$Cu$_{15}$Ni$_{18.5}$Al$_{7}$Si$_{3}$Sc$_{3}$B$_{0.5}$,2.4306,,,1240,K,0.61855,5.0806,0.618548387,2,mm,,,0.196827146,0.39972,0.10923,,,0.57177,1.4444,,,767,K,,,0.39354,,,,,58,709,K,1.6536,,0.66532
Al$_{86.5}$Ni$_{4.5}$Y$_{9}$,,,,1222,K,,,,,,,,0.375,,,,,0.41,,,,526,K,,,0.305,,,,,21,505,K,,,
Mg$_{65}$Cu$_{25}$Gd$_{10}$,3.124,,,740,K,0.65405,,0.654054054,,,,,0.14654,0.43336,0.19243,1,K/s,0.57162,1.5268,,,484,K,,,0.41617,,,,,61,423,K,1.7158,,0.73649
Pd$_{79}$Cu$_{5}$AgSi$_{10}$P$_{5}$,4.1793,,,1001,K,0.68332,7.2839,0.683316683,4,mm,,,0.13728909,0.44965,0.18088,,,0.61339,1.7674,,,684,K,,,0.42353,,,,,70,614,K,1.7274,,0.75325
((Fe$_{0.7}$Co$_{0.3}$)$_{0.75}$B$_{0.2}$Si$_{0.05}$)$_{96}$Nb$_{4}$,2.5399,,,1413,K,0.62137,4.8996,0.621372965,3.5,mm,,,0.204098294,0.39225,0.08547,,,0.58599,1.5009,,,878,K,,,0.39179,,,,,50,828,K,1.6464,,0.65676
Zr$_{64.5}$Al$_{9.2}$Ni$_{13.2}$Cu$_{13.1}$,,,,1138,K,,,,,,,,0.136481187,,,,,0.578,,,,757,K,,,0.421492205,,,,,99,658,K,,,
Zr$_{49}$Cu$_{46}$Al$_{5}$,,,,1195,K,,,,,,,,0.195,,,,,0.587,,,,750,K,,,0.396,,,,,49,701,K,,,
Fe$_{70}$Mo$_{2}$Y$_{6}$B$_{22}$,3.0252,,,1508,K,0.6426,5.409,0.642572944,3.5,mm,,,0.184877057,0.4098,0.1032,,,0.6015,1.6123,,,969,K,,,0.4012,,,,,62,907,K,1.6698,,0.6837
Pr$_{72}$(CuNi)$_{21}$Al$_{7}$,,1.5,mm,760,K,,,0.539473684,,,,,0.058544765,,,,,0.519736842,,,,410,K,,,0.354978355,,,,,,395,K,,,
Fe$_{68.3}$C$_{6.9}$Si$_{2.5}$B$_{6.7}$P$_{8.8}$Cr$_{2.2}$Mo$_{2.5}$Al$_{2.1}$,2.8692,,,1316,K,0.6345,5.0277,0.63449848,4,mm,,,0.198898105,0.39396,0.07678,,,0.6041,1.6027,,,835,K,,,0.39555,,,,,40,795,K,1.6544,,0.66489
Mg$_{64.5}$Cu$_{24.5}$Gd$_{11}$,2.7344,,,739,K,0.6387,6.3297,0.638700947,6,mm,,,0.157985371,0.42311,0.18098,,,0.55886,1.4479,,,472,K,,,0.40972,,,,,59,413,K,1.7017,,0.71854
Mg$_{65}$Cu$_{25}$Dy$_{10}$,3.1192,,,750,K,0.656,7.2681,0.656,3,mm,,,0.13758754,0.43519,0.21341,,,0.56267,1.5,,,492,K,,,0.4198,,,,,70,422,K,1.7285,,0.74933
Pt$_{57.5}$Cu$_{14.7}$Ni$_{5.3}$P$_{22.5}$,,16,mm,795,K,,,0.762264151,,,,,0.1322884,,,,,0.638993711,,,,606,K,,,0.465080583,,,,,,508,K,,,
Zr$_{50}$Cu$_{45}$Ag$_{5}$,2.3017,,,1188,K,0.6128,5.0393,0.612794613,4,mm,,,0.19844026,0.3979,0.1137,,,0.5631,1.4027,,,728,K,,,0.392,,,,,59,669,K,1.6513,,0.6625
"Fe$_{66}$Co$_{10}$Mo$_{4}$(P$_{0.45}$,C$_{0.2}$,B$_{0.2}$,Si$_{0.15}$)$_{20}$",3.127,,,1221,K,0.6454,5.3502,0.645372645,6,mm,,,0.186908901,0.4067,0.0922,,,0.6093,1.652,,,788,K,,,0.401,,,,,44,744,K,1.6685,,0.6814
Zr$_{54}$Al$_{15}$Ni$_{10}$Cu$_{19}$Y$_{2}$,5.3199,,,1112,K,0.70773,7.9869,0.707733813,5,mm,,,0.125205023,0.46341,0.18342,,,0.64209,1.9774,,,787,K,,,0.431,,,,,73,714,K,1.7443,,0.77338
Mg$_{65}$Cu$_{7.5}$Ni$_{7.5}$Ag$_{5}$Zn$_{5}$Gd$_{2.5}$Y$_{7.5}$,2.9836,,,735,K,0.64354,5.7473,0.643537415,9.5,mm,,,0.173994745,0.41906,0.13245,,,0.58912,1.5662,,,473,K,,,0.40497,,,,,40,433,K,1.6815,,0.69796
Ni$_{28}$Zr$_{72}$,,,,1313,K,,,0.506,,,,,0.310089976,,,,,0.489,,,,664,K,,,0.34,,,,,22,642,K,,0.797,
Ag$_{5}$Cu$_{55}$Zr$_{40}$,,,,1171.82,K,,,,,,,,,,,,,0.598170354,,,,,,,,,,,,,,,,,,
Ni$_{69}$Cr$_{8.5}$Nb$_{3}$P$_{16.5}$B$_{3}$,,,,1134,K,,,,,,,,,,,,,0.589,,,,,,,,,,,,,,668,K,,,
Zr$_{48}$Nb$_{8}$Cu$_{12}$Fe$_{8}$Be$_{24}$,4.8258,,,1071,K,0.70121,8.6933,0.701213819,8,mm,,,0.115031116,0.46443,0.22518,,,0.61438,1.8184,,,751,K,,,0.43436,,,,,93,658,K,1.7557,,0.78805
Al$_{89.5}$Co$_{3.5}$Y$_{7}$,,,,1188,K,,,,,,,,0.446066312,,,,,0.39,,,,460,K,,,0.278565027,,,,,,463.32,K,,,
La$_{62.5}$Al$_{12.5}$Cu$_{10}$Ni$_{5}$Co$_{5}$Ag$_{5}$,,,,691,K,,,,,,,,,,,,,0.585,,,,,,,,,,,,,,404,K,,,
Zr$_{60}$Cu$_{30}$Al$_{10}$,,,,1151,K,,,,,,,,0.161,,,,,0.583,,,,748,K,,,0.411,,,,,77,671,K,,,
Ca$_{60}$Mg$_{15}$Zn$_{25}$,3.2543,,,650,K,0.65692,6.6247,0.656923077,6,mm,,,0.150950232,0.43391,0.17712,,,0.58308,1.5756,,,427,K,,,0.41497,,,,,48,379,K,1.7097,,0.73077
Pd$_{40}$Cu$_{32.5}$Ni$_{7.5}$P$_{20}$,4.8066,,,932,K,0.70172,,0.701716738,,,,,0.11117,0.46526,0.23626,0.133,K/s,0.60944,1.7967,,,654,K,,,0.436,,,,,86,568,K,1.7609,,0.79399
(Fe$_{72}$Nb$_{4}$B$_{20}$Si$_{4}$)$_{99}$Y,2.6024,,,1419,K,0.62086,4.5765,0.62085976,2,mm,,,0.218507593,0.36564,0.0461,,,0.60254,1.5621,,,881,K,,,0.38742,,,,,26,855,K,1.6329,,0.63918
Ni$_{61}$Zr$_{22}$Nb$_{7}$Al$_{4}$Ta$_{6}$,3.9339,,,1379,K,0.67223,6.1261,0.672226251,2,mm,,,0.16323599,0.42913,0.11719,,,0.62872,1.8105,,,927,K,,,0.41273,,,,,60,867,K,1.6979,,0.71574
Ti$_{34}$Zr$_{11}$Cu$_{47}$Ni$_{8}$,2.5996,,,1169.2,K,0.62196,,0.621963736,,,,,0.21248,0.37862,0.06117,100,K/s,0.59733,1.5446,,,727.2,K,,,0.38938,,,,,28.8,698.4,K,1.6386,,0.6466
Zr$_{45}$Cu$_{48}$Al$_{7}$,,,,1188,K,,,,,,,,0.17,,,,,0.606,,,,778,K,,,0.408,,,,,58,720,K,,,
Zr$_{45}$Cu$_{49}$Al$_{6}$,,,,1178,K,,,,,,,,0.182,,,,,0.609,,,,764,K,,,0.403,,,,,47,717,K,,,
Al$_{85}$Co$_{5}$Y$_{10}$,,,,1232,K,,,,,,,,0.358778949,,,,,0.48,,,,587,K,,,0.321933134,,,,,,591.36,K,,,
Cu$_{45}$Zr$_{45}$Ag$_{7}$Al$_{3}$,3.6021,,,1151,K,0.6673,6.775,0.667245873,7,mm,,,0.147601476,0.4394,0.1728,,,0.5977,1.6587,,,768,K,,,0.4176,,,,,80,688,K,1.714,,0.7368
Cu$_{40}$Zr$_{60}$,,,,1248,K,,,0.567,,,,,0.231565772,,,,,0.518,,,,707,K,,,0.373,,,,,61,646,K,,0.797,
Pd$_{48}$Ni$_{32}$P$_{20}$,,,,923,K,,,,,,,,,,,,,0.612,,,,,,,,,,,,,,565,K,,,
Al$_{88}$Co$_{4}$Y$_{8}$,,,,1189,K,,,,,,,,0.407023489,,,,,0.43,,,,507,K,,,0.298187935,,,,,,511.27,K,,,
Ce$_{60}$Al$_{20}$Cu$_{20}$,,,,702.1277,K,,,,,,,,0.17066427,,,,,0.564,,,,444,K,,,0.404324576,,,,,48,396,K,,,
La$_{62.5}$Al$_{12.5}$Ag$_{5}$Cu$_{15}$Co$_{5}$,3.6843,,,700,K,0.6771,8.7904,0.677142857,9,mm,,,0.113760466,0.4486,0.2541,,,0.5671,1.5644,,,474,K,,,0.4321,,,,,77,397,K,1.7611,,0.7871
Cu$_{65}$Zr$_{35}$,,,,1248,K,,,0.639,,,,,0.208859384,,,,,0.626,,,,798,K,,,0.393,,,,,17,781,K,,1.254,
Mg$_{77}$Ni$_{18}$Nd$_{5}$,0.9258,,,887,K,0.49267,,0.492671928,,,,,0.32972,0.27367,0.01747,"49,000",K/s,0.48365,0.9542,,,437,K,,,0.33207,,,,,8,429,K,1.5023,,0.50169
Cu$_{40}$Zr$_{44}$Ag$_{8}$Al$_{8}$,3.6982,,,1176,K,0.6726,7.4331,0.672619048,15,mm,,,0.134533371,0.4455,0.2029,,,0.5893,1.6377,,,791,K,,,0.4232,,,,,98,693,K,1.7307,,0.756
Ca$_{55}$Mg$_{25}$Zn$_{20}$,1.4136,,,751,K,0.55659,4.328,0.556591212,1,mm,,,0.231053604,0.36635,0.11436,,,0.49933,1.1117,,,418,K,,,0.37123,,,,,43,375,K,1.614,,0.61385
La$_{62}$Al$_{14}$Cu$_{24}$,2.2167,,,734,K,0.61172,5.3623,0.611716621,5,mm,,,0.186487142,0.40329,0.14414,,,0.54632,1.3483,,,449,K,,,0.39559,,,,,48,401,K,1.666,,0.67711
La$_{62}$Al$_{14}$(CuNi)$_{24}$,,10,mm,738,K,,,0.604336043,,,,,0.234996684,,,,,0.56504065,,,,446,K,,,0.386147186,,,,,,417,K,,,
(Cu$_{60}$Zr$_{30}$Ti$_{10}$)$_{97}$Sn$_{3}$,,,,1148,K,,,,,,,,0.166852465,,,,,0.65,,,,782,K,,,0.412,,,,,35,747,K,,,
Be$_{32.5}$Zr$_{67.5}$,,,,1238,K,,,,,,,,,,,,,0.496,,,,,,5.65,g/cm3,,,,,,,614,K,,0.709,
La$_{32}$Ce$_{32}$Al$_{16}$Ni$_{5}$Cu$_{12}$Co$_{3}$,2.8633,,,709,K,0.64175,6.0955,0.641748942,10,mm,,,0.164055451,0.42321,0.16172,,,0.57264,1.5017,,,455,K,,,0.40807,,,,,49,406,K,1.6933,,0.71086
La$_{62}$Al$_{14}$(Cu$_{.833}$Ag$_{.167}$)$_{14}$(Ni$_{.15}$Co$_{.15}$)$_{10}$,4.5665,,,703,K,0.69844,9.4732,0.698435277,20,mm,,,0.105560951,0.46328,0.25614,,,0.59459,1.7228,,,491,K,,,0.438,,,,,73,418,K,1.7692,,0.80228
Pd$_{82}$Si$_{18}$,2.3468,,,1071,K,0.60504,,0.605042017,,,,,0.24607,0,0,1800,K/s,0.60504,1.5319,,,648,K,,,0.37696,,,,,0,648,K,1.605,,0.60504
Ca$_{65}$Mg$_{35}$,,,,987,K,,,0.419,,,,,0.404770791,,,,,0.417,,,,414,K,,,0.296,,,,,3,411,K,,0.796,
Zr$_{46.25}$Ti$_{8.25}$Cu$_{7.5}$Ni$_{10}$Be$_{27.5}$,,,,1185,K,,,0.61350211,,,,,0.167136971,,,28,K/s,0.525,,,,727,K,,,0.402,,,,,105,622,K,,,
Mg$_{90}$Ni$_{5}$Nd$_{5}$,0.8659,,,919,K,0.48857,,0.488574538,,,,,0.31532,0.30536,0.04665,"53,000",K/s,0.46355,0.9108,,,449,K,,,0.33383,,,,,23,426,K,1.5175,,0.5136
Zr$_{41}$Ti$_{14}$Cu$_{12.5}$Ni$_{8}$Be$_{22.5}$C$_{2}$,4.3503,,,997,K,0.68506,6.8236,0.685055165,5,mm,,,0.146550208,0.44466,0.14905,,,0.62989,1.8509,,,683,K,,,0.42031,,,,,55,628,K,1.7175,,0.74022
((Fe$_{0.9}$Co$_{0.1}$)$_{0.75}$B$_{0.2}$Si$_{0.05}$)$_{96}$Nb$_{4}$,2.1468,,,1460,K,0.60068,4.4906,0.600684932,2,mm,,,0.222687391,0.37549,0.07166,,,0.56986,1.3965,,,877,K,,,0.38264,,,,,45,832,K,1.6239,,0.63151
Zr$_{48}$Cu$_{43}$Al$_{7}$Ag$_{2}$,3.4844,,,1152,K,0.66059,6.1012,0.660590278,12,mm,,,0.163902183,0.42865,0.13496,,,0.60764,1.6836,,,761,K,,,0.41091,,,,,61,700,K,1.6948,,0.71354
La$_{66}$Al$_{14}$(CuNi)$_{20}$,,1.5,mm,674,K,,,0.639465875,,,,,0.212899656,,,,,0.600890208,,,,431,K,,,0.39944393,,,,,,405,K,,,
Ag$_{10}$Cu$_{20}$Zr$_{70}$,,,,,,,,,,,,,,,,,,,,,,664.274,K,,,,,,,,38.70827128,625.5658,K,,,
Zr$_{42.63}$Ti$_{12.37}$Cu$_{11.25}$Ni$_{10}$Be$_{23.75}$,3.7267,,,1057,K,0.6736,,0.673604541,,,,,0.13333,0.44624,0.20507,5,K/s,0.5894,1.6406,,,712,K,,,0.42381,,,,,89,623,K,1.7323,,0.75781
Fe$_{79}$Si$_{10}$B$_{11}$,,,,1419,K,,,,,,,,,,,,,0.576,,,,,,,,,,,,,,818,K,,,
Pd$_{40}$Ni$_{40}$P$_{20}$,5.2403,,,905,K,0.70718,,0.70718232,,,,,0.12141,0.46519,0.19697,0.167,K/s,0.63536,1.9394,,,640,K,,,0.43243,,,,,65,575,K,1.7484,,0.77901
Ca$_{60}$Mg$_{25}$Zn$_{15}$,1.374,,,744,K,0.54973,4.0137,0.549731183,1,mm,,,0.249146673,0.35611,0.08719,,,0.50672,1.1144,,,409,K,,,0.36485,,,,,32,377,K,1.5916,,0.59274
Mg$_{63.5}$Cu$_{27.5}$Gd$_{9}$,2.1568,,,773,K,0.60673,5.0847,0.606727038,4,mm,,,0.196668437,0.39752,0.12644,,,0.54981,1.3477,,,469,K,,,0.39149,,,,,44,425,K,1.6533,,0.66365
Ni$_{60}$Nb$_{25}$Zr$_{15}$,3.0773,,,1390,K,0.64101,4.981,0.641007194,1.5,mm,,,0.200762899,0.38469,0.05849,,,0.61871,1.6811,,,891,K,,,0.396,,,,,31,860,K,1.6548,,0.66331
Al$_{30}$Ca$_{60}$Cu$_{10}$,,,,,,,,,,,,,,,,,,,,,,519,K,,,,,,,,,498,K,,,
Al$_{40}$La$_{45}$Ni$_{15}$,,,,1097,K,,,,,,,,0.24,,,,,0.492,,,,600,K,,,0.367,,,,,60,540,K,,,
Zr$_{38.5}$Ti$_{16.5}$Ni$_{9.75}$Cu$_{15.25}$Be$_{20}$,4.0439,,,1003,K,0.67597,,0.675972084,,,,,0.15762,0.43466,0.12869,1.4,K/s,0.62812,1.8177,,,678,K,,,0.41519,,,,,48,630,K,1.7043,,0.72383
(Fe$_{72}$Nb$_{4}$B$_{20}$Si$_{4}$)$_{96}$Y$_{4}$,3.5024,,,1424,K,0.6552,5.1859,0.655196629,3,mm,,,0.19283056,0.38662,0.05395,,,0.63553,1.7977,,,933,K,,,0.4006,,,,,28,905,K,1.6665,,0.67486
Ag$_{10}$Cu$_{50}$Zr$_{40}$,,,,1150.093,K,,,,,,,,0.162984207,,,,,0.608245173,,,,760.8704,K,,,0.411363119,,,,,61.33168659,699.5387,K,,,
Mg$_{65}$Cu$_{25}$Tb$_{9}$Y,,5,mm,732,K,,,0.668032787,,,,,0.12297366,,,,,0.568306011,,,,489,K,,,0.425958188,,,,,,416,K,,,
Ca$_{60}$Mg$_{20}$Zn$_{20}$,2.6134,,,660,K,0.62879,5.4789,0.628787879,4,mm,,,0.182518389,0.41079,0.13121,,,0.57273,1.4716,,,415,K,,,0.39981,,,,,37,378,K,1.6706,,0.68485
((Fe$_{0.6}$Co$_{0.4}$)$_{0.75}$B$_{0.2}$Si$_{0.05}$)$_{96}$Nb$_{4}$,2.5506,,,1407,K,0.62189,4.9114,0.621890547,4,mm,,,0.203607933,0.3927,0.08591,,,0.58635,1.5034,,,875,K,,,0.39203,,,,,50,825,K,1.647,,0.65743
Fe$_{72}$Y$_{6}$B$_{22}$,3.7572,,,1419,K,0.6653,5.6776,0.665257223,2,mm,,,0.176130759,0.4138,0.0883,,,0.6328,1.8119,,,944,K,,,0.4074,,,,,46,898,K,1.6841,,0.6977
Ca$_{50}$Mg$_{30}$Ag$_{20}$,,,,687.6397,K,,,,,,,,0.197380017,,,,,0.608755785,,,,438.7047,K,,,0.39657122,,,,,21.25,418.6047,K,,,
Pd$_{80}$Si$_{20}$,,,,1220,K,,,0.547,,,,,0.283342329,,,,,0.537,,,,667,K,10.3,g/cm3,0.356,,,,,12,655,K,,0.775,
Cu$_{62}$Zr$_{38}$,,,,1158,K,,,0.685,,,,,0.146028545,,,,,0.629,,,,793,K,,,0.421,,,,,65,728,K,,1.254,
Ca$_{65}$Mg$_{25}$Zn$_{10}$,1.2507,,,759,K,0.5336,3.5694,0.533596838,0.5,mm,,,0.28015913,0.3288,0.04839,,,0.50988,1.0887,,,405,K,,,0.3534,,,,,18,387,K,1.5564,,0.55731
Cu$_{52.5}$Zr$_{42.5}$Ga$_{5}$,3.3881,,,1187,K,0.65459,5.5608,0.654591407,2,mm,,,0.17983024,0.41301,0.09692,,,0.61752,1.7115,,,777,K,,,0.40469,,,,,44,733,K,1.6776,,0.69166
La$_{62.5}$Al$_{12.5}$Cu$_{15}$Ni$_{5}$Ag$_{5}$,,,,717,K,,,,,,,,,,,,,0.545,,,,,,,,,,,,,,391,K,,,
Fe$_{67}$Mo$_{5}$Y$_{6}$B$_{22}$,2.947,,,1483,K,0.6345,4.7176,0.634524612,3.5,mm,,,0.211972189,0.3613,0.0373,,,0.6204,1.6714,,,941,K,,,0.3916,,,,,21,920,K,1.6432,,0.6487
Cu$_{43}$Zr$_{43}$Al$_{7}$Ag$_{7}$,5.2598,,,1125,K,0.70844,8.5471,0.708444444,8,mm,,,0.116998748,0.46744,0.20964,,,0.63111,1.9205,,,797,K,,,0.43433,,,,,87,710,K,1.7536,,0.78578
Cu$_{66}$Zr$_{34}$,,,,1263,K,,,0.622,,,,,0.218108044,,,,,0.603,,,,785,K,,,0.388,,,,,23,762,K,,1.254,
Pd$_{64.5}$Cu$_{19}$Si$_{16.5}$,,,,1234.3,K,,,,,,1167.1,K,,,,,,0.519,,0.1,mm,,,,,,near eutectic,,,0.548,,640,K,,,
La$_{62}$Al$_{14}$Cu$_{17}$Ag$_{7}$,2.3549,,,739,K,0.61976,5.6404,0.619756428,5,mm,,,0.177292391,0.4095,0.15616,,,0.54939,1.3754,,,458,K,,,0.4,,,,,52,406,K,1.6775,,0.69012
La$_{32}$Ce$_{32}$Al$_{16}$Ni$_{5}$Cu$_{15}$,2.6681,,,712,K,0.63343,5.8582,0.633426966,10,mm,,,0.170700898,0.41753,0.15534,,,0.56601,1.4595,,,451,K,,,0.40448,,,,,48,403,K,1.6851,,0.70084
Zr$_{36}$Nb$_{12}$Cu$_{10}$Ni$_{6}$Fe$_{2}$Be$_{20}$Y$_{2}$Mg$_{12}$,4.7472,,,1029,K,0.69193,6.5655,0.691933916,5,mm,,,0.152311324,0.43818,0.11699,,,0.65112,1.9833,,,712,K,,,0.41907,,,,,42,670,K,1.7138,,0.73275
Zr$_{48}$Cu$_{34}$Pd$_{2}$Ag$_{8}$Al$_{8}$,4.636,,,1140,K,0.69649,8.3225,0.696491228,30,mm,,,0.120156203,0.46092,0.2154,,,0.613,1.8005,,,794,K,,,0.43176,,,,,95,699,K,1.7491,,0.77982
Cu$_{55}$Zr$_{40}$Al$_{5}$,,,,1166.129,K,,,,,,,,,,,,,0.62,,,,,,,,,,,,,74,723,K,,,
(Cu$_{0.6}$Hf$_{0.25}$Ti$_{0.15}$)$_{98}$Nb$_{2}$,3.845,,,1184,K,0.66892,5.922,0.668918919,4,mm,,,0.168861871,0.42302,0.10502,,,0.63007,1.8082,,,792,K,,,0.41036,,,,,46,746,K,1.6917,,0.70777
Cu$_{47}$Zr$_{43}$Al$_{7}$Be$_{3}$,4.9068,,,1139,K,0.70061,8.0202,0.700614574,6,mm,,,0.12468517,0.46137,0.19575,,,0.62774,1.8821,,,798,K,,,0.43042,,,,,83,715,K,1.7438,,0.77349
Pd$_{81.5}$Cu$_{2}$Si$_{6.5}$,2.3261,,,1097,K,0.61076,4.6952,0.610756609,2,mm,,,0.212983472,0.38446,0.07974,,,0.57703,1.444,,,670,K,,,0.38728,,,,,37,633,K,1.6355,,0.64448
Al$_{25}$Au$_{20}$La$_{55}$,,,,,,,,,,,,,,,,,,,,,,577,K,,,,,,,,,531,K,,,
La$_{62.5}$Al$_{12.5}$Ag$_{5}$Cu$_{15}$Fe$_{5}$,2.4163,,,713,K,0.6241,5.9087,0.624123422,6,mm,,,0.169241965,0.4134,0.1703,,,0.547,1.3777,,,445,K,,,0.4035,,,,,55,390,K,1.688,,0.7013
Mg$_{65}$Cu$_{15}$Ag$_{10}$Y$_{6}$Gd$_{4}$,,7.5,mm,685,K,,,0.689051095,,,,,0.136675405,,,,,0.623357664,,,,472,K,,,0.424460432,,45,K,,,427,K,,,
Pr$_{68}$(CuNi)$_{25}$Al$_{7}$,,1.5,mm,703,K,,,0.591749644,,,,,0.251674062,,,,,0.567567568,,,,416,K,,,0.377495463,,,,,,399,K,,,
Cu$_{59.6}$Zr$_{36.9}$Al$_{3.5}$,,,,1181,K,,,,,,,,0.152,,,,,0.627,,,,802,K,,,0.417,,,,,62,740,K,,,
Ti$_{40}$Zr$_{10}$Cu$_{30}$Pd$_{20}$,1.8132,,,1279,K,0.58405,4.529,0.584050039,3,mm,,,0.220799293,0.37903,0.10135,,,0.53714,1.2618,,,747,K,,,0.37996,,,,,60,687,K,1.6245,,0.63096
Zr$_{49}$Cu$_{47}$Al$_{4}$,,,,1208,K,,,,,,,,0.204,,,,,0.577,,,,745,K,,,0.391,,,,,48,697,K,,,
La$_{60}$Al$_{15}$Ag$_{5}$Cu$_{20}$,2.4957,,,759,K,0.6337,7.0274,0.63372859,5,mm,,,0.142300139,0.4196,0.2235,,,0.5283,1.3436,,,481,K,,,0.4147,,,,,80,401,K,1.7278,,0.7391
La$_{62}$Al$_{14}$Cu$_{18}$Ag$_{6}$,2.3836,,,736,K,0.62092,5.638,0.620923913,5,mm,,,0.177367861,0.41003,0.15455,,,0.55163,1.3848,,,457,K,,,0.40018,,,,,51,406,K,1.6772,,0.69022
Ca$_{65}$Mg$_{15}$Ag$_{20}$,,,,664.5798,K,,,,,,,,0.17817921,,,,,0.584387467,,,,424.051,K,,,0.402725922,,,,,37.32142857,388.3721,K,,,
Cu$_{50}$Zr$_{42.5}$Ti$_{7.5}$,2.5652,,,1152,K,0.6224,4.904,0.622395833,5,mm,,,0.203915171,0.3922,0.0842,,,0.5877,1.5095,,,717,K,,,0.392,,,,,40,677,K,1.6468,,0.6571
Y$_{36}$Sc$_{20}$Al$_{24}$Co$_{20}$,6.5294,,,1034,K,0.73501,12.442,0.735009671,25,mm,,,0.08037293,0.48747,0.29563,,,0.62379,1.9537,,,760,K,,,0.45265,,,,,115,645,K,1.8021,,0.84623
Ca$_{60}$Al$_{30}$Ag$_{10}$,2.2583,,,868,K,0.61175,5.1393,0.611751152,2,mm,,,0.194579028,0.39998,0.12468,,,0.55645,1.3792,,,531,K,,,0.39304,,,,,48,483,K,1.6558,,0.66705
Ti$_{41.5}$Zr$_{2.5}$Hf$_{5}$Cu$_{37.5}$Ni$_{7.5}$SiSn$_{5}$,2.9986,,,1176,K,0.64413,5.7646,0.644132653,6,mm,,,0.173472574,0.41951,0.133,,,0.58954,1.5693,,,757.5,K,,,0.40523,,,,,64.2,693.3,K,1.6821,,0.69872
Zr$_{58}$Cu$_{36}$Al$_{6}$,,,,1245,K,,,,,,,,0.226,,,,,0.539,,,,724,K,,,0.378,,,,,53,671,K,,,
Mg$_{35}$Sr$_{65}$,,,,756,K,,,,,,,,,,,,,0.507,,,,,,,,,,,,,,383,K,,0.755,
La$_{62}$Al$_{14}$Cu$_{19}$Ag$_{5}$,2.4599,,,730,K,0.62466,5.7306,0.624657534,5,mm,,,0.174501797,0.41252,0.15692,,,0.55479,1.4031,,,456,K,,,0.40176,,,,,51,405,K,1.6807,,0.69452
Mg$_{65}$Cu$_{25}$Tb$_{8}$Y$_{2}$,,5,mm,734,K,,,0.670299728,,,,,0.130236794,,,,,0.568119891,,,,492,K,,,0.427454387,,,,,,417,K,,,
Mg$_{65}$Cu$_{25}$Nd$_{10}$,2.3255,,,744,K,0.6129,4.9335,0.612903226,1,mm,,,0.202695855,0.39477,0.1028,,,0.56855,1.4206,,,456,K,,,0.39075,,,,,33,423,K,1.6466,,0.65726
Cu$_{60}$Zr$_{30}$Ti$_{10}$,2.9347,,,1175,K,0.63489,4.8076,0.634893617,2,mm,,,0.208003994,0.37387,0.04878,,,0.61617,1.6541,,,746,K,,,0.39284,,,,,22,724,K,1.6466,,0.65362
La$_{55}$Al$_{17.5}$Ag$_{7.5}$Cu$_{20}$,1.6889,,,852,K,0.5845,5.3251,0.584507042,3,mm,,,0.187789901,0.3877,0.171,,,0.4988,1.1663,,,498,K,,,0.39,,,,,73,425,K,1.6706,,0.6702
(Cu$_{60}$Zr$_{30}$Ti$_{10}$)$_{99}$Sn,3.9437,,,1155,K,0.67186,6.0174,0.671861472,5,mm,,,0.166184731,0.42566,0.10824,,,0.63203,1.8259,,,776,K,,,0.41167,,,,,46,730,K,1.695,,0.71169
Pd$_{42.5}$Cu$_{27.5}$Ni$_{10}$P$_{20}$,9.1517,,,871,K,0.76349,,0.763490241,,,,,0.07545,0.50549,0.28223,0.083,K/s,0.67049,2.3171,,,665,K,,,0.45704,,,,,81,584,K,1.8092,,0.85649
Cu$_{47}$Ti$_{33}$Zr$_{11}$Sn$_{8}$Si,,,,1333,K,,,,,,,,0.18075693,,,,,0.524188612,,,,805,K,,,0.395947276,,,,,106,699,K,,,
Zr$_{66}$Al$_{8}$Ni$_{26}$,1.6103,,,1251,K,0.56563,,0.565627498,,,,,0.25078,0.3529,0.06149,66.6,K/s,0.53717,1.2221,,,707.6,K,,,0.36797,,,,,35.6,672,K,1.5901,,0.59408
Zr$_{58.5}$Nb$_{2.8}$Cu$_{15.6}$Ni$_{12.8}$Al$_{10.3}$,,,,1101,K,,,,,,,,,,,,,0.605,,,,,,,,,,,,,,666,K,,,
Cu$_{47}$Ti$_{33}$Zr$_{11}$SiNi$_{6}$Sn$_{2}$,3.9168,,,1140,K,0.67105,5.9886,0.671052632,6,mm,,,0.166983936,0.42485,0.10714,,,0.63158,1.8214,,,765,K,,,0.41129,,,,,45,720,K,1.6941,,0.71053
Cu$_{48}$Zr$_{48}$Al$_{4}$,,,,1188,K,,,,,,,,0.183,,,,,0.58,,,,751,K,,,0.4,,,,,62,689,K,,,
Cu$_{55}$Zr$_{42.5}$Ga$_{2.5}$,2.829,,,1199,K,0.63553,5.3402,0.635529608,1,mm,,,0.187258904,0.40809,0.10816,,,0.59133,1.5551,,,762,K,,,0.39937,,,,,53,709,K,1.6661,,0.67973
Ti$_{41.5}$Zr$_{2.5}$Hf$_{5}$Cu$_{42.5}$Ni$_{7.5}$Si,2.2568,,,1199,K,0.60884,4.8142,0.608840701,5,mm,,,0.207718832,0.39048,0.09634,,,0.56714,1.4066,,,730,K,,,0.3885,,,,,50,680,K,1.6407,,0.65054
Fe$_{67}$Ni$_{5}$Y$_{6}$B$_{22}$,2.3096,,,1469,K,0.6065,4.3443,0.606535058,1,mm,,,0.230186681,0.3551,0.0415,,,0.5895,1.4776,,,891,K,,,0.3816,,,,,25,866,K,1.6184,,0.6236
Cu$_{45}$Zr$_{45}$Ag$_{5}$Al$_{5}$,4.119,,,1147,K,0.6827,7.4515,0.682650392,9,mm,,,0.134201168,0.4505,0.1911,,,0.6077,1.74,,,783,K,,,0.4246,,,,,86,697,K,1.7311,,0.7576
Co$_{50}$Cr$_{15}$Mo$_{14}$C$_{15}$B$_{6}$,2.6901,,,1417,K,0.63162,5.4787,0.63161609,2,mm,,,0.182525052,0.41141,0.12709,,,0.57798,1.4967,,,895,K,,,0.40027,,,,,76,819,K,1.6708,,0.68525
Ca$_{45}$Mg$_{25}$Cu$_{30}$,3.0417,,,678,K,0.64602,5.8436,0.646017699,6,mm,,,0.171127387,0.42135,0.13669,,,0.58997,1.5755,,,438,K,,,0.40631,,,,,38,400,K,1.685,,0.70206
Zr$_{50}$Cu$_{40}$Ag$_{10}$,2.4801,,,1177,K,0.6228,5.361,0.622769754,5,mm,,,0.186532363,0.4071,0.1294,,,0.5667,1.4373,,,733,K,,,0.3975,,,,,66,667,K,1.6656,,0.6788
Ca$_{60}$Mg$_{13}$Cu$_{27}$,2.2194,,,701,K,0.6077,4.8722,0.607703281,1,mm,,,0.20524609,0.39252,0.10423,,,0.56205,1.3876,,,426,K,,,0.38904,,,,,32,394,K,1.6433,,0.65335
Gd$_{60}$Ni$_{15}$Al$_{25}$,3.0488,,,1006,K,0.6441,5.5242,0.644135189,4,mm,,,0.181021686,0.4136,0.1117,,,0.5994,1.6079,,,648,K,,,0.4027,,,,,45,603,K,1.674,,0.6889
La$_{62}$Al$_{14}$Cu$_{20}$Ag$_{4}$,2.4718,,,729,K,0.62551,5.7866,0.625514403,8,mm,,,0.172813051,0.41336,0.16,,,0.55418,1.4031,,,456,K,,,0.40247,,,,,52,404,K,1.6829,,0.69684
Ti$_{40}$Zr$_{25}$Ni$_{8}$Cu$_{9}$Be$_{18}$,3.5675,,,1009,K,0.66204,5.9638,0.662041625,8,mm,,,0.167678326,0.4255,0.12113,,,0.61546,1.7216,,,668,K,,,0.40982,,,,,47,621,K,1.6911,,0.70862
Mg$_{61}$Cu$_{28}$Gd$_{11}$,3.1593,,,737,K,0.65536,6.8732,0.655359566,12,mm,,,0.145492638,0.43424,0.19365,,,0.57259,1.5333,,,483,K,,,0.41674,,,,,61,422,K,1.7171,,0.73813
Ti$_{65}$Be$_{18}$Cu$_{9}$Ni$_{8}$,,,,1136,K,,,,,,,,0.230652216,,,,,0.558,,,,670,K,,,0.378,,,,,35,635,K,,,
Y$_{60}$Fe$_{30}$Al$_{10}$,,,,1225.4,K,,,,,,1075.9,K,,,,,,0.467,,,,,,,,,off eutectic,,,0.532,,572,K,,,
Cu$_{55}$Ag$_{5}$Zr$_{30}$Ti$_{10}$,2.9819,,,1149,K,0.63795,4.9854,0.63794604,3,mm,,,0.20058571,0.3883,0.06517,,,0.61271,1.6472,,,733,K,,,0.39557,,,,,29,704,K,1.6539,,0.66319
Ce$_{65}$Al$_{15}$Cu$_{20}$,,,,772.3404,K,,,,,,,,0.214661865,,,,,0.47,,,,425,K,,,0.374337063,,,,,62,363,K,,,
Cu$_{56}$Zr$_{44}$,,,,1163,K,,,0.681,,,,,0.149228937,,,,,0.626,,,,792,K,,,0.419,,,,,64,728,K,,0.797,
Nd$_{60}$Fe$_{30}$Al$_{10}$,,,,958,K,,,,,,929.3,K,,,,12,K/s,0.617,,15,mm,,,,,,eutectic,,,0.636,,591,K,,,
La$_{62}$Al$_{14}$(Cu$_{.833}$Ag$_{.167}$)$_{12}$(Ni$_{.15}$Co$_{.15}$)$_{12}$,3.9213,,,698,K,0.67479,6.6883,0.6747851,16,mm,,,0.149514824,0.44084,0.15613,,,0.61461,1.7509,,,471,K,,,0.41792,,,,,42,429,K,1.7125,,0.73496
Ca$_{66.4}$Al$_{33.6}$,2.5712,,,873,K,0.61856,4.4637,0.618556701,1,mm,,,0.224029393,0.35205,0.03478,,,0.60481,1.5652,,,540,K,,,0.38544,,,,,12,528,K,1.6275,,0.6323
La$_{55}$Al$_{25}$Ni$_{15}$Cu$_{5}$,1.9954,,,899.6,K,0.6016,,0.601600711,,,,,0.18532,0.39853,0.15869,34.5,K/s,0.52646,1.2704,,,541.2,K,,,0.39412,,,,,67.6,473.6,K,1.6692,,0.67675
((Ni$_{0.9}$Fe$_{0.1}$)$_{0.75}$B$_{0.2}$Si$_{0.05}$)$_{96}$Nb$_{4}$,1.6121,,,1408,K,0.56463,3.9034,0.564630682,1,mm,,,0.256186914,0.34545,0.05108,,,0.541,1.2307,,,795,K,,,0.36636,,,,,33,762,K,1.5845,,0.58807
Ni$_{69}$Cr$_{8.5}$Nb$_{3}$P$_{18}$B$_{1.5}$,,,,1134,K,,,,,,,,,,,,,0.586,,,,,,,,,,,,,,664,K,,,
Mg$_{58.5}$Cu$_{30.5}$Gd$_{11}$,3.0249,,,753,K,0.65073,6.7705,0.650730412,8,mm,,,0.147699579,0.43131,0.19325,,,0.56707,1.5031,,,490,K,,,0.41525,,,,,63,427,K,1.7146,,0.7344
Cu$_{72}$Zr$_{28}$,,,,1358,K,,,0.592,,,,,0.240495372,,,,,0.574,,,,804,K,,,0.376,,,,,24,780,K,,1.254,
Cu$_{54}$Ag$_{6}$Zr$_{33}$Ti$_{7}$,3.3199,,,1135,K,0.65022,5.2158,0.650220264,6,mm,,,0.191725143,0.39549,0.06808,,,0.62467,1.7324,,,738,K,,,0.40022,,,,,29,709,K,1.6656,,0.67577
Ca$_{53}$Mg$_{23}$Cu$_{24}$,3.8202,,,655,K,0.67023,6.2691,0.670229008,7,mm,,,0.15951253,0.43293,0.13253,,,0.61985,1.7631,,,439,K,,,0.41376,,,,,33,406,K,1.7011,,0.72061
Mg$_{65}$Cu$_{15}$Ag$_{10}$Y$_{8}$Gd$_{2}$,,7,mm,690,K,,,0.684057971,,,,,0.136675405,,,,,0.620289855,,,,472,K,,,0.422182469,,44,K,,,428,K,,,
Zr$_{44}$Cu$_{51}$Al$_{5}$,,,,1189,K,,,,,,,,0.184,,,,,0.605,,,,767,K,,,0.401,,,,,48,719,K,,,
Fe$_{77}$Mo$_{2}$P$_{10}$C$_{4}$B$_{4}$Si$_{3}$,2.5106,,,1264,K,0.61944,4.8105,0.619462025,2.5,mm,,,0.207878599,0.38797,0.07854,,,0.587,1.4998,,,783,K,,,0.39032,,,,,41,742,K,1.6423,,0.65187
Ni$_{37}$Zr$_{63}$,,,,1313,K,,,0.548,,,,,0.276742838,,,,,0.533,,,,720,K,,,0.358,,,,,20,700,K,,0.797,
Be$_{45}$Zr$_{55}$,,,,1413,K,,,0.482,,,,,0.32111592,,,,,0.457,,,,681,K,5.18,g/cm3,0.331,,,,,35,646,K,,0.709,
Zr$_{65.5}$Al$_{5.6}$Ni$_{6.5}$Cu$_{22.4}$,2.0211,,,1211,K,0.60528,5.712,0.605284889,3,mm,,,0.175070028,0.40154,0.17728,,,0.52023,1.2616,,,733,K,,,0.39815,,,,,103,630,K,1.6837,,0.69034
Ga$_{18}$Sr$_{82}$,,,,793,K,,,,,,,,,,,,,0.561,,,,,,,,,,,,,,445,K,,0.632,
Fe$_{41}$Co$_{7}$Cr$_{15}$Mo$_{14}$C$_{15}$B$_{6}$Y$_{2}$,2.3298,,,1436,K,0.60933,4.5313,0.609331476,16,mm,,,0.22068722,0.37352,0.06187,,,0.58357,1.4632,,,875,K,,,0.38478,,,,,37,838,K,1.6277,,0.6351
Cu$_{25}$Zr$_{75}$,,,,1363,K,,,0.454,,,,,0.333462181,,,,,0.419,,,,618,K,,,0.32,,,,,47,571,K,,0.797,
Cu$_{40}$Ag$_{20}$Zr$_{30}$Ti$_{10}$,2.7564,,,1125,K,0.62933,4.8822,0.629333333,3,mm,,,0.204825693,0.38719,0.0692,,,0.60178,1.5804,,,708,K,,,0.3929,,,,,31,677,K,1.6476,,0.65689
Mg$_{58.5}$Cu$_{30.5}$Y$_{11}$,2.9582,,,762,K,0.65092,7.248,0.650918635,9,mm,,,0.137969095,0.43176,0.21765,,,0.55381,1.4588,,,496,K,,,0.41892,,,,,74,422,K,1.7292,,0.74803
Ni$_{60}$Nb$_{40}$,2.8672,,,1484,K,0.62871,,0.628706199,,,,,0.22797,0,0,1400,K/s,0.62871,1.6933,,,933,K,,,0.38602,,,,,0,933,K,1.6287,,0.62871
Zr$_{41}$Ti$_{14}$Cu$_{12.5}$Ni$_{2}$Be$_{22.5}$C$_{8}$,6.5117,,,992,K,0.73286,11.219,0.732862903,3,mm,,,0.089134504,0.48605,0.26997,,,0.63407,2.0028,,,727,K,,,0.44849,,,,,98,629,K,1.7899,,0.83165
Ag$_{25}$Cu$_{40}$Zr$_{35}$,,,,694.4009,K,,,,,,,,,,,,,1.002675416,,,,744.1097,K,,,0.535076753,,,,,47.85092103,696.2587,K,,,
Cu$_{47}$Ti$_{33}$Zr$_{5}$Nb$_{6}$Ni$_{8}$Si,2.6216,,,1187,K,0.62258,4.6817,0.622577928,2,mm,,,0.213597625,0.37567,0.05684,,,0.59983,1.5558,,,739,K,,,0.38915,,,,,27,712,K,1.6378,,0.64532
Fe$_{56}$Mn$_{5}$Cr$_{7}$Mo$_{12}$Er$_{2}$C$_{12}$B$_{6}$,2.0378,,,1401,K,0.59386,4.3432,0.593861527,8,mm,,,0.230244981,0.36793,0.06414,,,0.56602,1.3684,,,832,K,,,0.37922,,,,,39,793,K,1.6152,,0.6217
Be$_{50}$Zr$_{50}$,,,,1473,K,,,0.463,,,,,0.358763817,,,,,0.456,,,,682,K,5.08,g/cm3,0.318,,,,,10,672,K,,0.709,
Au$_{77.8}$Si$_{8.4}$Ge$_{13.8}$,0.7604,,,629,K,0.46582,,0.46581876,,,,,0.36443,0,0,3E6,K/s,0.46582,0.872,,,293,K,,,0.31779,,,,,0,293,K,1.4658,,0.46582
Fe$_{74}$Nb$_{6}$Y$_{3}$B$_{17}$,2.7864,,,1391,K,0.63192,5.0654,0.631919482,2,mm,,,0.197417775,0.39736,0.08571,,,0.59741,1.5696,,,879,K,,,0.39559,,,,,48,831,K,1.6552,,0.66643
Fe$_{74}$Mo$_{5}$P$_{10}$C$_{4}$B$_{4}$Si$_{3}$,2.809,,,1263,K,0.63245,5.0331,0.632620744,3,mm,,,0.198684707,0.39535,0.08113,,,0.6,1.5811,,,799,K,,,0.39528,,,,,41,758,K,1.6541,,0.66491
Zr$_{46.75}$Ti$_{8.25}$Cu$_{7.5}$Ni$_{10}$Be$_{27.5}$,2.1557,,,1185,K,0.6135,,0.61350211,,,,,0.16714,0.407,0.1865,28,K/s,0.52489,1.2913,,,727,K,,,0.40232,,,,,105,622,K,1.6937,,0.70211
Cu$_{43}$Zr$_{43}$Ag$_{7}$In$_{7}$,3.516,,,1135,K,0.659,5.6966,0.659030837,5,mm,,,0.175543307,0.4172,0.1021,,,0.6203,1.7355,,,748,K,,,0.4067,,,,,44,704,K,1.6828,,0.6978
Pd$_{30}$Zr$_{70}$,,,,1343,K,,,0.514,,,,,0.313238339,,,,,0.506,,,,690,K,7.71,g/cm3,0.341,,,,,10,680,K,,0.899,
Pd$_{81.5}$Cu$_{2}$Si$_{16.5}$,,,,1097.3,K,,,,,,1008.8,K,,,,,,0.577,,1,mm,,,,,,off eutectic,,,0.627,,633,K,,,
Cu$_{43}$Zr$_{43}$Ag$_{7}$Ti$_{7}$,2.931,,,1118,K,0.6386,5.2928,0.638640429,5,mm,,,0.188935913,0.406,0.0982,,,0.5993,1.5938,,,714,K,,,0.3993,,,,,44,670,K,1.665,,0.678
Pd$_{40}$Cu$_{20}$Ni$_{10}$P$_{20}$,,,,862,K,,,,,,,,,,,,,0.67,,,,,,,,,,,,,,578,K,,,
Ag$_{20}$Cu$_{35}$Zr$_{45}$,,,,,,,,,,,,,,,,,,,,,,,,,,,,,,,,48.7718,K,,,
Cu$_{55}$Zr$_{45}$,,,,1183,K,,,0.632,,,,,0.190996654,,,,,0.59,,,,748,K,,,0.398,,,,,50,698,K,,0.797,
Nb$_{38}$Ni$_{62}$,,,,1473,K,,,0.631,,,,,0.204805747,,,,,0.606,,,,930,K,,,0.393,,,,,38,892,K,,1.135,
Zr$_{50}$Cu$_{40}$Al$_{10}$,,,,1176,K,,,,,,,,0.172,,,,,0.607,,,,770,K,,,0.407,,,,,56,714,K,,,
Zr$_{66}$Al$_{8}$Cu$_{12}$Ni$_{14}$,2.4831,,,1172.1,K,0.62495,,0.624946677,,,,,0.17728,0.41181,0.14971,9.8,K/s,0.55891,1.4168,,,732.5,K,,,0.40089,,,,,77.4,655.1,K,1.6771,,0.69098
Al$_{30}$Sr$_{70}$,,,,953,K,,,,,,,,,,,,,0.556,,,,,,,,,,,,,,530,K,,0.665,
Cu$_{45}$Zr$_{45}$Ag$_{3}$Al$_{7}$,3.64,,,1177,K,0.6678,6.6858,0.66779949,8,mm,,,0.149570732,0.4388,0.1663,,,0.6015,1.6759,,,786,K,,,0.417,,,,,78,708,K,1.7117,,0.7341
Ca$_{45}$Mg$_{30}$Cu$_{25}$,2.2142,,,717,K,0.60809,4.9414,0.608089261,1,mm,,,0.202371797,0.39462,0.11076,,,0.55927,1.3797,,,436,K,,,0.38998,,,,,35,401,K,1.6466,,0.6569
Ni$_{69}$Cr$_{8.5}$Nb$_{3}$P$_{15.5}$B$_{4}$,,,,1187,K,,,,,,,,,,,,,0.563,,,,,,,,,,,,,,668,K,,,
Ca$_{60}$Mg$_{20}$Ag$_{20}$,,,,666.1158,K,,,,4,mm,,,0.157469943,,,,,0.601997447,,,,441.1303,K,,,0.412,,,,,40.53571429,401,K,,,
Cu$_{47}$Ni$_{13}$Zr$_{30}$Ti$_{10}$,2.2192,,,1251,K,0.60272,4.3648,0.602717826,1,mm,,,0.229105572,0.36288,0.05153,,,0.58114,1.4389,,,754,K,,,0.38119,,,,,27,727,K,1.6183,,0.6243
Zr$_{66}$Al$_{8}$Cu$_{7}$Ni$_{19}$,2.0708,,,1200.8,K,0.60018,,0.600183211,,,,,0.208,0.38974,0.10845,22.7,K/s,0.55155,1.3383,,,720.7,K,,,0.38683,,,,,58.4,662.3,K,1.6397,,0.64882
Cu$_{50}$Zr$_{50}$,2.0999,,,1237,K,0.6015,4.7945,0.601455133,2,mm,,,0.208572322,0.3895,0.1053,,,0.5546,1.3503,,,744,K,,,0.3869,,,,,58,686,K,1.6391,,0.6483
Cu$_{49}$Zr$_{36}$Ag$_{10}$Ti$_{5}$,3.2973,,,1130,K,0.6522,5.5972,0.652212389,8,mm,,,0.178660759,0.4151,0.1048,,,0.6115,1.6788,,,737,K,,,0.4047,,,,,46,691,K,1.6781,,0.6929
Fe$_{71}$MoY$_{6}$B$_{22}$,2.791,,,1517,K,0.6328,5.1594,0.63282795,2.5,mm,,,0.193820987,0.4016,0.0943,,,0.5946,1.561,,,960,K,,,0.3969,,,,,58,902,K,1.6589,,0.6711
Ni$_{42}$Ti$_{20}$Zr$_{21.5}$Al$_{8}$Cu$_{5}$Si$_{3.5}$,2.4216,,,1366,K,0.61933,5.2211,0.619326501,2.5,mm,,,0.19153052,0.40346,0.12162,,,0.56662,1.4291,,,846,K,,,0.39533,,,,,72,774,K,1.6596,,0.67204
Zr$_{50}$Cu$_{48}$Ag$_{2}$,2.1468,,,1192,K,0.6032,4.7441,0.603187919,2,mm,,,0.210788137,0.3879,0.0973,,,0.5604,1.3721,,,719,K,,,0.3866,,,,,51,668,K,1.6367,,0.646
Cu$_{35}$Ag$_{25}$Zr$_{30}$Ti$_{10}$,2.5611,,,1138,K,0.62039,4.6966,0.620386643,2,mm,,,0.212919985,0.37914,0.06291,,,0.5949,1.5315,,,706,K,,,0.38898,,,,,29,677,K,1.6377,,0.64587
Fe$_{75}$Mo$_{2}$Ga$_{3}$P$_{10}$C$_{4}$B$_{4}$Si$_{2}$,3.1557,,,1230,K,0.64878,5.7204,0.648780488,2.5,mm,,,0.17481295,0.41908,0.12195,,,0.6,1.622,,,798,K,,,0.40549,,,,,60,738,K,1.6813,,0.69756
Al$_{88}$Ni$_{4}$Y$_{8}$,,,,1189,K,,,,,,,,0.436,,,,,0.39,,,,465,K,,,0.281,,,,,1,464,K,,,
Ca$_{65}$Mg$_{25}$Cu$_{10}$,2.5311,,,691,K,0.62084,4.8779,0.620839363,0.5,mm,,,0.205006253,0.39127,0.08392,,,0.58611,1.5,,,429,K,,,0.39142,,,,,24,405,K,1.6454,,0.65557
Ca$_{63}$Al$_{32}$Cu$_{5}$,2.8227,,,831,K,0.62936,4.619,0.629362214,2,mm,,,0.216497077,0.35576,0.03448,,,0.61613,1.6395,,,523,K,,,0.38943,,,,,11,512,K,1.6376,,0.6426
Zr$_{40}$Ti$_{15}$Cu$_{11}$Ni$_{11}$Be$_{21.5}$YMg$_{0.5}$,4.6867,,,975,K,0.69128,6.6813,0.691282051,5,mm,,,0.149671471,0.44162,0.12754,,,0.64615,1.9536,,,674,K,,,0.41994,,,,,44,630,K,1.716,,0.73641
Cu$_{52.4}$Zr$_{41.1}$Al$_{6.5}$,,,,1177,K,,,,,,,,0.146,,,,,0.619,,,,800,K,,,0.42,,,,,71,729,K,,,
Gd$_{60}$Co$_{25}$Al$_{15}$,3.1448,,,952,K,0.6481,5.6686,0.648109244,5,mm,,,0.176410401,0.4177,0.1184,,,0.6008,1.6237,,,617,K,,,0.4049,,,,,45,572,K,1.6795,,0.6954
Pd$_{79}$Cu$_{2}$Ag$_{4}$Si$_{10}$P$_{5}$,3.7928,,,1006,K,0.67197,6.751,0.671968191,7,mm,,,0.148126204,0.44085,0.16456,,,0.60736,1.7114,,,676,K,,,0.41806,,,,,65,611,K,1.7137,,0.73658
Sm$_{60}$Fe$_{30}$Al$_{10}$,,,,946.6,K,,,,,,905.2,K,,,,,,0.626,,,,,,,,,off eutectic,,,0.655,,593,K,,,
Ti$_{40}$Zr$_{10}$Cu$_{38}$Pd$_{12}$,2.1195,,,1189,K,0.6014,4.6858,0.601345669,6,mm,,,0.21341073,0.3857,0.0937,,,0.5601,1.3671,,,715,K,,,0.3854,,,,,49,666,K,1.6337,,0.6426
Ca$_{57}$Mg$_{19}$Cu$_{24}$,,4,mm,,,,,,,,,,,,,,,,,,,440,K,,,,,,,,,404,K,,,
Cu$_{45}$Zr$_{25}$Ag$_{10}$Hf$_{20}$,2.8883,,,1218,K,0.6429,6.1409,0.642857143,3,mm,,,0.16284258,0.4241,0.1635,,,0.5731,1.5058,,,783,K,,,0.4087,,,,,85,698,K,1.6948,,0.7126
Fe$_{71}$NiY$_{6}$B$_{22}$,2.4223,,,1507,K,0.6145,4.6587,0.614465826,2,mm,,,0.214652156,0.3803,0.0689,,,0.5859,1.484,,,926,K,,,0.3875,,,,,43,883,K,1.6346,,0.643
Zr$_{50}$Cu$_{36}$Al$_{14}$,,,,1188,K,,,,,,,,0.182,,,,,0.609,,,,771,K,,,0.403,,,,,47,724,K,,,
Ni$_{59}$Zr$_{20}$Ti$_{16}$Si$_{5}$,3.9691,,,1304,K,0.67178,5.896,0.671779141,2,mm,,,0.169606513,0.42087,0.09705,,,0.6365,1.8481,,,876,K,,,0.4105,,,,,46,830,K,1.6919,,0.70706
Cu$_{50}$Zr$_{43}$Al$_{7}$,3.8726,,,1176,K,0.67347,6.6575,0.673469388,4,mm,,,0.150206534,0.44012,0.15604,,,0.6131,1.7407,,,792,K,,,0.4175,,,,,71,721,K,1.7116,,0.73384
Cu$_{45}$Zr$_{35}$Ag$_{10}$Hf$_{10}$,3.2834,,,1171,K,0.6567,6.4213,0.656703672,4,mm,,,0.155731705,0.4322,0.1642,,,0.5892,1.5988,,,769,K,,,0.4132,,,,,79,690,K,1.7037,,0.7242
Zr$_{49}$Cu$_{45}$Al$_{6}$,,,,1187,K,,,,,,,,0.184,,,,,0.593,,,,758,K,,,0.401,,,,,54,704,K,,,
Ni$_{75}$Si$_{8}$B$_{17}$,,,,1419,K,,,,,,,,,,,,,0.583,,,,,,,,,,,,,,818,K,,,
Ca$_{50}$Mg$_{30}$Cu$_{20}$,2.0698,,,731,K,0.60055,4.8521,0.600547196,2,mm,,,0.206096329,0.39098,0.11246,,,0.54993,1.3343,,,439,K,,,0.38747,,,,,37,402,K,1.642,,0.65116
Cu$_{47}$Zr$_{47}$Al$_{6}$,,,,1165,K,,,,,,,,0.159,,,,,0.6,,,,770,K,,,0.413,,,,,69,701,K,,,
Fe$_{69}$Mo$_{3}$Y$_{6}$B$_{22}$,3.0967,,,1488,K,0.6438,5.2665,0.643817204,6,mm,,,0.189879427,0.4031,0.0862,,,0.6102,1.6517,,,958,K,,,0.3998,,,,,50,908,K,1.6653,,0.6774
Cu$_{47}$Ti$_{33}$Zr$_{11}$Ni$_{8}$Si,3.4065,,,1157,K,0.65428,5.4365,0.654278306,4,mm,,,0.183941874,0.40706,0.08467,,,0.6223,1.7323,,,757,K,,,0.4033,,,,,37,720,K,1.6737,,0.68626
(Cu$_{60}$Zr$_{30}$Ti$_{10}$)$_{98}$Sn$_{2}$,,,,1150,K,,,,,,,,0.16900011,,,,,0.63,,,,772,K,,,0.41,,,,,42,730,K,,,
Ca$_{47}$Mg$_{19}$Zn$_{7}$Cu$_{27}$,3.1047,,,676,K,0.65089,6.3325,0.650887574,6,mm,,,0.157915515,0.4291,0.16608,,,0.58136,1.5548,,,440,K,,,0.4116,,,,,47,393,K,1.701,,0.72041
Cu$_{58.1}$Zr$_{35.9}$Al$_{6}$,,,,1173,K,,,,,,,,0.165,,,,,0.648,,,,799,K,,,0.413,,,,,39,760,K,,,
Cu$_{53.2}$Zr$_{41.8}$Al$_{5}$,,,,1176,K,,,,,,,,0.163,,,,,0.613,,,,781,K,,,0.412,,,,,60,721,K,,,
Ca$_{55}$Mg$_{11}$Zn$_{11}$Cu$_{23}$,1.9785,,,717,K,0.59972,5.269,0.59972106,1,mm,,,0.189789334,0.39679,0.15089,,,0.52859,1.2722,,,430,K,,,0.39234,,,,,51,379,K,1.6632,,0.67085
Zr$_{36}$Nb$_{12}$Cu$_{10}$Ni$_{8}$Be$_{20}$Y$_{2}$Mg$_{12}$,5.463,,,1029,K,0.71234,8.741,0.71234208,5,mm,,,0.114403386,0.47001,0.21277,,,0.6346,1.9495,,,733,K,,,0.43579,,,,,80,653,K,1.7571,,0.79009
Fe$_{73}$Mo$_{4}$Ga$_{3}$P$_{10}$C$_{4}$B$_{4}$Si$_{2}$,2.5677,,,1283,K,0.62444,5.1371,0.624318005,2,mm,,,0.194662358,0.40168,0.1058,,,0.58,1.4868,,,801,K,,,0.39521,,,,,57,744,K,1.6566,,0.66887
Fe$_{91}$B$_{9}$,0.3407,,,1628,K,0.36855,,0.368550369,,,,,0.4614,0,0,2.6E7,K/s,0.36855,0.5837,,,600,K,,,0.2693,,,,,0,600,K,1.3686,,0.36855
Al$_{16.9}$Co$_{25.6}$Zr$_{57.5}$,,,,1300,K,,,,,,,,0.218580541,,,,,0.572,,,,786,K,,,0.384540117,,,,,42,744,K,,,
"Fe$_{56}$Co$_{20}$Mo$_{4}$(P$_{0.45}$,C$_{0.2}$,B$_{0.2}$,Si$_{0.15}$)$_{20}$",2.931,,,1220,K,0.6377,5.169,0.637704918,5,mm,,,0.193461018,0.4006,0.0868,,,0.6033,1.6074,,,778,K,,,0.3978,,,,,42,736,K,1.6603,,0.6721
Fe$_{76}$Si$_{9}$B$_{10}$P$_{5}$,3.5743,,,1258,K,0.6613,5.8112,0.66136725,2.5,mm,,,0.172081498,0.4209,0.1088,,,0.62,1.7402,,,832,K,,,0.4082,,,,,52,780,K,1.6866,,0.7027
Cu$_{60.3}$Zr$_{37.2}$Al$_{2.5}$,,,,1185,K,,,,,,,,0.159,,,,,0.619,,,,794,K,,,0.414,,,,,61,733,K,,,
Cu$_{34}$Zr$_{50}$Ag$_{8}$Al$_{8}$,3.9166,,,1148,K,0.6794,7.824,0.679442509,15,mm,,,0.127811861,0.4503,0.2137,,,0.5923,1.6667,,,780,K,,,0.4267,,,,,100,680,K,1.7394,,0.7666
Cu$_{58.7}$Zr$_{36.3}$Al$_{5}$,,,,1179,K,,,,,,,,0.155,,,,,0.634,,,,803,K,,,0.417,,,,,55,748,K,,,
(Cu$_{60}$Zr$_{30}$Ti$_{10}$)$_{98}$Y$_{2}$,4.0173,,,1122,K,0.67469,6.217,0.674688057,5,mm,,,0.160849284,0.43143,0.12048,,,0.63012,1.8241,,,757,K,,,0.41389,,,,,50,707,K,1.7008,,0.71925
Pd$_{79}$Cu$_{4}$Ag$_{2}$Si$_{10}$P$_{5}$,4.0692,,,1005,K,0.6806,7.2216,0.680597015,5,mm,,,0.138473468,0.44814,0.18112,,,0.60995,1.7449,,,684,K,,,0.42274,,,,,71,613,K,1.7258,,0.75124
Ca$_{60}$Mg$_{25}$Cu$_{15}$,2.4,,,676,K,0.61538,4.8593,0.615384615,2,mm,,,0.205790958,0.39168,0.09091,,,0.57692,1.4545,,,416,K,,,0.39024,,,,,26,390,K,1.6436,,0.65385
Pd$_{79.5}$Cu$_{4}$Si$_{16.5}$,2.5863,,,1086,K,0.62431,,0.624309392,,,,,0.19864,0.39786,0.09534,500,K/s,0.58471,1.5033,,,678,K,,,0.39396,,,,,43,635,K,1.6524,,0.6639
(Fe$_{81.5}$Si$_{3.8}$C$_{14}$Tm$_{0.7}$)$_{92.37}$P$_{7.63}$,1.8254,,,1284,K,0.5857,4.6199,0.585669782,1,mm,,,0.216454902,0.3819,0.1089,,,0.5351,1.2596,,,752,K,,,0.3815,,,,,65,687,K,1.6297,,0.6363
Ho$_{35}$Al$_{24}$Co$_{20}$Y$_{21}$,,5,mm,1074,K,,,0.648044693,,,,,0.166144756,,,,,0.599627561,,,,696,K,,,0.405122235,,,,,,644,K,,,
Fe$_{58}$Co$_{14}$Y$_{6}$B$_{22}$,2.5957,,,1485,K,0.6229,4.8271,0.622895623,2.5,mm,,,0.207163721,0.3874,0.0744,,,0.5926,1.5289,,,925,K,,,0.3911,,,,,45,880,K,1.6437,,0.6532
Cu$_{50}$Hf$_{45}$Al$_{5}$,,,,1230.645,K,,,,,,,,,,,,,0.62,,,,,,,,,,,,,91,763,K,,,
Pd$_{40}$Ni$_{40}$P$_{19}$S,,,,884,K,,,,,,,,,,,,,0.641,,,,,,,,,,,,,,567,K,,,
Ti$_{40}$Zr$_{10}$Cu$_{40}$Pd$_{10}$,2.074,,,1184,K,0.59882,4.65,0.598817568,4,mm,,,0.215053763,0.38432,0.09351,,,0.55743,1.3531,,,709,K,,,0.38449,,,,,49,660,K,1.6317,,0.6402
Ag$_{15}$Cu$_{40}$Zr$_{45}$,,,,671.7915,K,,,,,,,,,,,,,1.001507881,,,,758.9319,K,,,0.564431147,,,,,86.12737398,672.8045,K,,,
Zr$_{56}$Cu$_{36}$Al$_{8}$,,,,1212,K,,,,,,,,0.195,,,,,0.565,,,,747,K,,,0.394,,,,,62,685,K,,,
(Cu$_{0.5}$Zr$_{0.425}$Ti$_{0.075}$)$_{99}$Sn,2.966,,,1140,K,0.6404,5.3676,0.640350877,6,mm,,,0.186303003,0.4086,0.1028,,,0.5991,1.5974,,,730,K,,,0.4004,,,,,47,683,K,1.6679,,0.6816
Ca$_{50}$Mg$_{25}$Zn$_{15}$Cu$_{10}$,1.9184,,,723,K,0.59474,5.0477,0.594744122,8,mm,,,0.19811003,0.39244,0.13824,,,0.52974,1.2647,,,430,K,,,0.38879,,,,,47,383,K,1.6525,,0.65975
Al$_{13.3}$Co$_{26.7}$Zr$_{60}$,,,,1254,K,,,,,,,,0.220286119,,,,,0.573,,,,757,K,,,0.383874239,,,,,39,718,K,,,
Cu$_{50}$Hf$_{42.5}$Al$_{7.5}$,,,,1239.683,K,,,,,,,,,,,,,0.63,,,,,,,,,,,,,55,781,K,,,
La$_{32}$Ce$_{32}$Al$_{16}$Ni$_{5}$Cu$_{7}$Co$_{8}$,2.728,,,739,K,0.63735,6.1395,0.637347767,10,mm,,,0.162879713,0.42149,0.17028,,,0.56292,1.4582,,,471,K,,,0.40779,,,,,55,416,K,1.6951,,0.71177
La$_{62}$Cu$_{12}$Ni$_{12}$Al$_{14}$,2.2424,,,744,K,0.60753,4.7415,0.607526882,12,mm,,,0.210903722,0.38755,0.09034,,,0.56855,1.4081,,,452,K,,,0.38732,,,,,29,423,K,1.6371,,0.64651
Ca$_{60}$Mg$_{10}$Zn$_{30}$,2.1482,,,666,K,0.6006,4.4758,0.600600601,0.5,mm,,,0.223423745,0.3745,0.06993,,,0.57057,1.3986,,,400,K,,,0.38241,,,,,20,380,K,1.6232,,0.63063
Ca$_{65}$Cu$_{35}$,,,,1033,K,,,0.427,,,,,0.397684023,,,,,0.424,,,,441,K,,,0.3,,,,,3,438,K,,0.627,
Zr$_{65.3}$Al$_{6.5}$Ni$_{8.2}$Cu$_{20}$,,,,1188,K,,,,,,,,0.158841584,,,,,0.539,,,,745,K,,,0.407549234,,,,,105,640,K,,,
Fe$_{61}$B$_{15}$Mo$_{7}$Zr$_{8}$Co$_{5}$Y$_{2}$Cr$_{2}$,3.0633,,,1490,K,0.64356,5.376,0.643557047,5,mm,,,0.186011905,0.40833,0.09815,,,0.60477,1.6283,,,958.9,K,,,0.40103,,,,,57.8,901.1,K,1.6689,,0.68235
Ni$_{64}$Zr$_{36}$,,,,1343,K,,,0.637,,,,,0.208107058,,,,,0.621,,,,856,K,,,0.393,,,,,22,834,K,,1.254,
Mg$_{65}$Cu$_{7.5}$Ni$_{7.5}$Ag$_{5}$Zn$_{5}$Gd$_{7.5}$Y$_{2.5}$,3.4588,,,719,K,0.65925,5.9909,0.659248957,13,mm,,,0.166919828,0.42615,0.12811,,,0.60918,1.6868,,,474,K,,,0.40968,,,,,36,438,K,1.6914,,0.70932
Mg$_{57}$Cu$_{31}$Y$_{6.6}$Nd$_{5.4}$,2.5453,,,778,K,0.63111,6.2135,0.631105398,14,mm,,,0.160939889,0.41839,0.18234,,,0.54884,1.3989,,,491,K,,,0.40747,,,,,64,427,K,1.6987,,0.71337
Cu$_{46}$Zr$_{54}$,2.508,,,1201,K,0.62115,5.0204,0.621149042,2,mm,,,0.199187316,0.39767,0.09901,,,0.57952,1.4772,,,746,K,,,0.39325,,,,,50,696,K,1.6514,,0.66278
Pd$_{40}$Cu$_{25}$Ni$_{15}$P$_{20}$,6.7982,,,910,K,0.73407,,0.734065934,,,,,0.10071,0.48411,0.2293,0.15,K/s,0.65495,2.1274,,,668,K,,,0.44356,,,,,72,596,K,1.7758,,0.81319
Mg$_{65}$Cu$_{7.5}$Ni$_{7.5}$Zn$_{5}$Ag$_{5}$Y$_{10}$,3.0881,,,717,K,0.64714,,0.647140865,,,,,0.1727,0.42053,0.13058,50,K/s,0.59414,1.5945,,,464,K,,,0.40595,,,,,38,426,K,1.6833,,0.70014
Mg$_{65}$Cu$_{25}$Tb$_{10}$,,5,mm,733,K,,,0.664392906,,,,,0.12597707,,,,,0.564802183,,,,487,K,,,0.424585876,,,,,,414,K,,,
Mg$_{62.5}$Cu$_{26.5}$Gd$_{11}$,2.9369,,,748,K,0.64572,6.3593,0.645721925,9,mm,,,0.157250012,0.42694,0.17445,,,0.57086,1.5047,,,483,K,,,0.41106,,,,,56,427,K,1.702,,0.72059
Mg$_{57}$Cu$_{31.5}$Y$_{8}$Nd$_{3.5}$,2.7816,,,778,K,0.64396,7.0098,0.643958869,12,mm,,,0.142657422,0.42713,0.21307,,,0.54756,1.4233,,,501,K,,,0.41611,,,,,75,426,K,1.7236,,0.74036
Zr$_{65}$Al$_{7.5}$Cu$_{17.5}$Ni$_{10}$,2.5877,,,1167.6,K,0.63001,,0.630010277,,,,,0.17266,0.41545,0.15476,1.5,K/s,0.56226,1.4392,,,735.6,K,,,0.40327,,,,,79.1,656.5,K,1.6828,,0.69776
Ca$_{50}$Mg$_{25}$Cu$_{25}$,3.7637,,,655,K,0.67023,6.5416,0.670229008,9,mm,,,0.1528678,0.43777,0.15294,,,0.61069,1.7216,,,439,K,,,0.41611,,,,,39,400,K,1.7082,,0.72977
Fe$_{65.5}$Cr$_{4}$Mo$_{4}$Ga$_{4}$P$_{12}$C$_{5}$B$_{5.5}$,2.2552,,,1322,K,0.6097,4.9148,0.6096823,3,mm,,,0.203467079,0.394,0.1057,,,0.5635,1.3969,,,806,K,,,0.3899,,,,,61,745,K,1.6454,,0.6558
Ti$_{63}$Be$_{37}$,0.9795,,,1353,K,0.49741,,0.497413156,,,,,0.33564,0,0,6.3E6,K/s,0.49741,0.9897,,,673,K,,,0.33218,,,,,0,673,K,1.4974,,0.49741
Pd$_{83}$Si$_{17}$,,,,1092,K,,,0.591,,,,,0.246666307,,,,,0.579,,,,645,K,,,0.374,,,,,13,632,K,,0.775,
Al$_{18}$Sr$_{82}$,,,,863,K,,,,,,,,,,,,,0.527,,,,,,,,,,,,,,455,K,,0.665,
Ti$_{40}$Zr$_{10}$Cu$_{36}$Pd$_{14}$,2.147,,,1191,K,0.6029,4.7081,0.602854744,6,mm,,,0.212399907,0.3865,0.0939,,,0.5617,1.3755,,,718,K,,,0.386,,,,,49,669,K,1.635,,0.644
Cu$_{50}$Ag$_{10}$Zr$_{30}$Ti$_{10}$,3.087,,,1130,K,0.64248,5.1293,0.642477876,4,mm,,,0.194958376,0.39555,0.07339,,,0.61416,1.6651,,,726,K,,,0.39803,,,,,32,694,K,1.6603,,0.6708
Mg$_{80}$Cu$_{10}$Y$_{10}$,,1.5,mm,,,,,,,,,,,,,,,,,,,448,K,,,,,,,,,427,K,,,
Mg$_{65.5}$Cu$_{25.4}$Gd$_{9}$,2.3287,,,741,K,0.61673,5.3821,0.616734143,6,mm,,,0.185801081,0.40553,0.13939,,,0.55466,1.3848,,,457,K,,,0.3967,,,,,46,411,K,1.6666,,0.67881
Ca$_{70}$Mg$_{10}$Ag$_{20}$,,,,673.9274,K,,,,,,,,0.183757552,,,,,0.560753232,,,,418.8147,K,,,0.398175517,,,,,41.33928571,377.907,K,,,
Cu$_{60}$Zr$_{33}$Ti$_{7}$,3.1762,,,1191,K,0.64484,5.0736,0.644836272,3,mm,,,0.197098707,0.38901,0.06208,,,0.62133,1.7029,,,768,K,,,0.39772,,,,,28,740,K,1.6592,,0.66835
Mg$_{61.5}$Cu$_{29.5}$Gd$_{9}$,2.0861,,,785,K,0.60127,4.8456,0.601273885,4,mm,,,0.206372792,0.39095,0.1108,,,0.55159,1.3409,,,472,K,,,0.38752,,,,,39,433,K,1.6417,,0.65096
Al$_{30}$Ca$_{60}$Mg$_{10}$,,,,873,K,,,,,,,,0.235620543,,,,,0.581901489,,,,523,K,,,0.378711079,,,,,,508,K,,,
Cu$_{28}$Zr$_{72}$,,,,1268,K,,,0.525,,,,,0.258502614,,,,,0.473,,,,666,K,,,0.356,,,,,66,600,K,,0.797,
Fe$_{43}$Co$_{5}$Cr$_{15}$Mo$_{14}$C$_{15}$B$_{6}$Y$_{2}$,2.2411,,,1442,K,0.60472,4.4613,0.604715673,9,mm,,,0.224149911,0.37083,0.06096,,,0.57906,1.4366,,,872,K,,,0.38296,,,,,37,835,K,1.6234,,0.63037
Cu$_{57.5}$Zr$_{37.5}$Ga$_{5}$,2.8125,,,1241,K,0.63255,5.0304,0.632554392,1,mm,,,0.198791349,0.39515,0.08065,,,0.60032,1.5827,,,785,K,,,0.39527,,,,,40,745,K,1.654,,0.66479
Al$_{21.2}$Co$_{21.2}$Zr$_{57.6}$,,,,1324,K,,,,,,,,0.228462268,,,,,0.574,,,,794,K,,,0.380815348,,,,,33,761,K,,,
Cu$_{48}$Zr$_{52}$,,,,1207,K,,,0.62,,,,,0.193099942,,,,,0.571,,,,749,K,,,0.395,,,,,59,689,K,,0.797,
Pd$_{64}$Ni$_{16}$P$_{20}$,,,,983,K,,,,,,,,,,,,,0.571,,,,,,,,,,,,,,582,K,,,
Pd$_{79}$Cu$_{6}$Si$_{10}$P$_{5}$,4.2395,,,995,K,0.68543,7.4845,0.685427136,5,mm,,,0.13360946,0.45191,0.18912,,,0.61206,1.7668,,,682,K,,,0.42519,,,,,73,609,K,1.7319,,0.75879
Zr$_{46}$Cu$_{44}$Al$_{10}$,,,,1223,K,,,,,,,,0.183,,,,,0.594,,,,782,K,,,0.401,,,,,56,726,K,,,
Ca$_{55}$Mg$_{10}$Cu$_{35}$,1.3834,,,770,K,0.54805,3.8405,0.548051948,0.5,mm,,,0.260382763,0.3472,0.06702,,,0.51558,1.1314,,,422,K,,,0.36161,,,,,25,397,K,1.5786,,0.58052
Mg$_{65}$Cu$_{25}$Tb$_{7}$Y$_{3}$,,5,mm,736,K,,,0.663043478,,,,,,,,,,0.565217391,,,,488,K,,,0.423611111,,,,,,416,K,,,
La$_{62}$Al$_{14}$Cu$_{22}$Ag$_{2}$,2.5594,,,722,K,0.63019,5.9823,0.630193906,5,mm,,,0.167159788,0.41696,0.16822,,,0.5554,1.4174,,,455,K,,,0.40516,,,,,54,401,K,1.6901,,0.70499
(Fe$_{72}$Nb$_{4}$B$_{20}$Si$_{4}$)$_{97}$Y$_{3}$,3.1314,,,1416,K,0.64619,5.4456,0.646186441,4,mm,,,0.183634494,0.41054,0.10054,,,0.60664,1.6427,,,915,K,,,0.4022,,,,,56,859,K,1.6718,,0.68573
Ca$_{70}$Mg$_{20}$Cu$_{10}$,1.3639,,,702,K,0.54843,3.9729,0.548433048,0.5,mm,,,0.251705303,0.35431,0.08382,,,0.50712,1.1127,,,385,K,,,0.36389,,,,,29,356,K,1.5886,,0.58974
Ca$_{50}$Mg$_{20}$Cu$_{30}$,2.8818,,,690,K,0.64058,5.8094,0.64057971,8,mm,,,0.172134816,0.41944,0.14187,,,0.58116,1.5294,,,442,K,,,0.40513,,,,,41,401,K,1.6834,,0.7
Cu$_{46}$Zr$_{47}$Al$_{7}$,3.7732,,,1163,K,0.67154,6.7627,0.671539123,3,mm,,,0.147869934,0.44083,0.16594,,,0.60619,1.7052,,,781,K,,,0.41809,,,,,76,705,K,1.714,,0.73689
Cu$_{45}$Ag$_{15}$Zr$_{30}$Ti$_{10}$,3.018,,,1121,K,0.63961,5.0453,0.639607493,5,mm,,,0.198204269,0.39165,0.06912,,,0.61285,1.6521,,,717,K,,,0.39657,,,,,30,687,K,1.6565,,0.66637
Fe$_{60}$Co$_{12}$Y$_{6}$B$_{22}$,2.4707,,,1498,K,0.6168,4.6989,0.61682243,2.5,mm,,,0.212815765,0.3819,0.0697,,,0.5881,1.4976,,,924,K,,,0.3884,,,,,43,881,K,1.6369,,0.6455
Ca$_{50}$Mg$_{10}$Zn$_{15}$Cu$_{25}$,2.2303,,,702,K,0.60826,4.8801,0.608262108,2,mm,,,0.204913834,0.39281,0.10423,,,0.56268,1.3909,,,427,K,,,0.38924,,,,,32,395,K,1.6437,,0.65385
Pd$_{77.5}$Cu$_{6}$Si$_{16.5}$,3.1577,,,1058,K,0.64839,,0.648393195,,,,,0.17695,0.41721,0.11639,100,K/s,0.60208,1.6295,,,686,K,,,0.40472,,,,,49,637,K,1.679,,0.69471
Zr$_{54}$Cu$_{36}$Al$_{10}$,,,,1176,K,,,,,,,,0.17,,,,,0.594,,,,763,K,,,0.407,,,,,65,698,K,,,
(Ni$_{0.75}$B$_{0.2}$Si$_{0.05}$)$_{96}$Nb$_{4}$,1.4444,,,1446,K,0.54979,3.6549,0.549792531,0.5,mm,,,0.273605297,0.32618,0.03698,,,0.533,1.176,,,795,K,,,0.35875,,,,,25,770,K,1.565,,0.56708
Ti$_{50}$Ni$_{30}$Cu$_{32}$Sn$_{3}$,1.8963,,,1283,K,0.59158,4.8304,0.591582229,1,mm,,,0.207022193,0.38811,0.12228,,,0.53468,1.2714,,,759,K,,,0.38547,,,,,73,686,K,1.6411,,0.64848
La$_{32}$Ce$_{32}$Al$_{16}$Ni$_{5}$Cu$_{5}$Co$_{10}$,2.2997,,,767,K,0.61538,5.3677,0.615384615,10,mm,,,0.186299532,0.40483,0.13994,,,0.5528,1.3761,,,472,K,,,0.39631,,,,,48,424,K,1.666,,0.67797
Ca$_{50}$Mg$_{20}$Zn$_{5}$Cu$_{25}$,3.8784,,,654,K,0.67431,6.8061,0.674311927,10,mm,,,0.146927021,0.44216,0.16471,,,0.61009,1.7294,,,441,K,,,0.4188,,,,,42,399,K,1.7154,,0.73853
Ca$_{55}$Mg$_{18}$Zn$_{27}$,2.5666,,,671,K,0.62444,5.143,0.624441133,0.5,mm,,,0.194439043,0.40188,0.10638,,,0.57973,1.4858,,,419,K,,,0.39528,,,,,30,389,K,1.6569,,0.66915
Mg$_{63}$Cu$_{27}$Gd$_{10}$,2.6781,,,755,K,0.63709,6.3971,0.637086093,4,mm,,,0.156320833,0.42238,0.18694,,,0.55364,1.4273,,,481,K,,,0.41006,,,,,63,418,K,1.7044,,0.72053
Ca$_{67}$Mg$_{19}$Cu$_{14}$,,2,mm,,,,,,,,,,,,,,,,,,,407,K,,,,,,,,,387,K,,,
Co$_{48}$Cr$_{15}$Mo$_{14}$C$_{15}$B$_{6}$Er$_{2}$,3.7229,,,1394,K,0.6693,6.5604,0.669296987,10,mm,,,0.15242973,0.4378,0.15568,,,0.60832,1.7088,,,933,K,,,0.41615,,,,,85,848,K,1.7086,,0.73027
Mg$_{65}$Cu$_{25}$Er$_{10}$,2.4764,,,766,K,0.62663,5.9267,0.626631854,3,mm,,,0.16872796,0.4148,0.1686,,,0.55091,1.3953,,,480,K,,,0.40404,,,,,58,422,K,1.6884,,0.70235
Ni$_{61}$Zr$_{28}$Nb$_{7}$Al$_{4}$,3.7605,,,1348,K,0.66617,5.8137,0.666172107,1,mm,,,0.1720075,0.41966,0.1,,,0.62908,1.796,,,898,K,,,0.40893,,,,,50,848,K,1.688,,0.70326
Cu$_{64}$Zr$_{36}$,4.1595,,,1230,K,0.6772,6.0823,0.677235772,2,mm,,,0.164411489,0.4263,0.1038,,,0.6398,1.8804,,,833,K,,,0.413,,,,,46,787,K,1.6983,,0.7146
Ag$_{10}$Cu$_{55}$Zr$_{35}$,,,,1200.345,K,,,,,,,,0.195054808,,,,,0.608510326,,,,767.5179,K,,,0.397519544,,,,,37.09542664,730.4225,K,,,
Cu$_{46}$Zr$_{37}$Al$_{7}$Y$_{10}$,3.5136,,,1118,K,0.66458,6.7075,0.664579606,4,mm,,,0.149086843,0.43781,0.17219,,,0.59481,1.6402,,,743,K,,,0.41671,,,,,78,665,K,1.7121,,0.73435
Ca$_{65}$Mg$_{10}$Cu$_{25}$,1.9244,,,711,K,0.59072,4.5932,0.5907173,2,mm,,,0.217713141,0.38194,0.09907,,,0.54571,1.3003,,,420,K,,,0.38217,,,,,32,388,K,1.6282,,0.63572
Ca$_{47.5}$Mg$_{22.5}$Cu$_{30}$,3.2338,,,673,K,0.65379,6.1571,0.653789004,6,mm,,,0.162414124,0.4282,0.14964,,,0.59287,1.6058,,,440,K,,,0.41045,,,,,41,399,K,1.6956,,0.71471
Hf$_{47}$Cu$_{29.25}$Ni$_{9.75}$Al$_{14}$,4.2562,,,1278,K,0.6847,7.2029,0.684663537,10,mm,,,0.13883297,0.4494,0.1742,,,0.6182,1.793,,,875,K,,,0.4231,,,,,85,790,K,1.7257,,0.7512
((Fe$_{0.5}$Co$_{0.5}$)$_{0.75}$B$_{0.2}$Si$_{0.05}$)$_{96}$Nb$_{4}$,2.5687,,,1397,K,0.62276,4.9312,0.622763064,5,mm,,,0.202790396,0.39345,0.08666,,,0.58697,1.5078,,,870,K,,,0.39242,,,,,50,820,K,1.6479,,0.65855
Ti$_{60}$Zr$_{5}$Be$_{18}$Cu$_{9}$Ni$_{8}$,,,,1085,K,,,,,,,,0.208835987,,,,,0.588,,,,672,K,,,0.39,,,,,36,638,K,,,
Ag$_{25}$Cu$_{35}$Zr$_{40}$,,,,1220.177,K,,,,,,,,,,,,,0.56452735,,,,,,,,,,,,,,,,,,
Ca$_{65}$Mg$_{15}$Zn$_{20}$,3.1767,,,630,K,0.65079,,0.650793651,,,,,0.16837,0.42404,0.13725,20,K/s,0.59524,1.6078,,,410,K,,,0.40796,,,,,35,375,K,1.6886,,0.70635
Zr$_{48}$Cu$_{46}$Al$_{6}$,,,,1192,K,,,,,,,,0.183,,,,,0.592,,,,762,K,,,0.401,,,,,56,706,K,,,
Mg$_{65}$Cu$_{15}$Ag$_{10}$Er$_{10}$,2.7645,,,733,K,0.63438,5.4923,0.634379263,6,mm,,,0.182073084,0.41218,0.12418,,,0.58254,1.5196,,,465,K,,,0.40086,,,,,38,427,K,1.6715,,0.68622
Ni$_{59}$Zr$_{20}$Ti$_{16}$Si$_{2}$Sn$_{3}$,4.6148,,,1272,K,0.68947,6.5952,0.689465409,3,mm,,,0.151625425,0.43964,0.12417,,,0.64544,1.9446,,,877,K,,,0.41902,,,,,56,821,K,1.7136,,0.73349
La$_{55}$Al$_{25}$Ni$_{20}$,1.8289,,,941,K,0.5898,,0.589798087,,,,,0.19893,0.3899,0.14222,67.5,K/s,0.52179,1.2333,,,555,K,,,0.38757,,,,,64,491,K,1.6521,,0.65781
Fe$_{45}$Co$_{3}$Cr$_{15}$Mo$_{14}$C$_{15}$B$_{6}$Y$_{2}$,2.291,,,1446,K,0.60858,4.6265,0.60857538,8,mm,,,0.216146115,0.38111,0.07516,,,0.57676,1.4379,,,880,K,,,0.38596,,,,,46,834,K,1.6319,,0.64039
Hf$_{51}$Cu$_{27.75}$Ni$_{9.25}$Al$_{12}$,3.0413,,,1344,K,0.6488,6.3139,0.648809524,8,mm,,,0.158380716,0.4281,0.1676,,,0.5781,1.5379,,,872,K,,,0.4111,,,,,95,777,K,1.7004,,0.7195
(Fe$_{81.5}$Si$_{3.8}$C$_{14}$Tm$_{0.7}$)$_{90.9}$P$_{9.1}$,1.8114,,,1318,K,0.5819,4.3451,0.581942337,1,mm,,,0.2301443,0.3717,0.0832,,,0.544,1.2762,,,767,K,,,0.3769,,,,,50,717,K,1.6137,,0.6199
Y$_{36}$Sc$_{20}$Al$_{24}$Co$_{10}$Ni$_{10}$,6.0572,,,1010,K,0.72376,9.7185,0.723762376,25,mm,,,0.102896538,0.47875,0.23562,,,0.63861,2.0027,,,731,K,,,0.44169,,,,,86,645,K,1.7719,,0.80891
Ag$_{30}$Cu$_{30}$Zr$_{40}$,,,,,,,,,,,,,,,,,,,,,,,,,,,,,,,,1.317297,K,,,
La$_{65}$Al$_{10}$Ag$_{5}$Cu$_{20}$,2.6146,,,716,K,0.6397,7.3387,0.639664804,5,mm,,,0.136263916,0.4232,0.2321,,,0.5307,1.3631,,,458,K,,,0.4179,,,,,78,380,K,1.736,,0.7486
Cu$_{60}$Hf$_{17.5}$Ti$_{22.5}$,2.4598,,,1229,K,0.61432,4.4847,0.614320586,3,mm,,,0.222980355,0.36313,0.04628,,,0.59561,1.5191,,,755,K,,,0.38501,,,,,23,732,K,1.627,,0.63303
Pt$_{60}$Cu$_{16}$Co$_{2}$P$_{22}$,,16,mm,881,K,,,0.645856981,,,,,0.106174229,,,,,0.574347333,,,,569,K,,,0.410237924,,,,,,506,K,,,
Zr$_{26}$Ti$_{10}$Cu$_{8}$Ni$_{8}$Be$_{20}$Y$_{4}$Mg$_{24}$,7.2221,,,951,K,0.73607,8.5779,0.736067298,5,mm,,,0.11657865,0.47363,0.16611,,,0.68349,2.3256,,,700,K,,,0.43723,,,,,50,650,K,1.7604,,0.78864
Al$_{86.5}$Co$_{4.5}$Y$_{9}$,,,,1231,K,,,,,,,,0.352300148,,,,,0.44,,,,563,K,,,0.317361894,,,,,20,543,K,,,
Ti$_{40}$Zr$_{10}$Cu$_{32}$Pd$_{18}$,1.7858,,,1272,K,0.58176,4.4593,0.581761006,3,mm,,,0.224250443,0.37645,0.09677,,,0.53695,1.2564,,,740,K,,,0.37852,,,,,57,683,K,1.6204,,0.62657
Ni$_{60}$Nb$_{30}$Zr$_{10}$,3.0225,,,1413,K,0.63836,4.8731,0.638358103,2,mm,,,0.205208184,0.37657,0.05019,,,0.61925,1.6766,,,902,K,,,0.39423,,,,,27,875,K,1.6501,,0.65747
Ag$_{20}$Cu$_{30}$Zr$_{50}$,,,,,,,,,,,,,,,,,,,,,,,,,,,,,,,,25.97684,K,,,
Ca$_{55}$Mg$_{15}$Zn$_{30}$,2.1133,,,696,K,0.60201,4.7859,0.602011494,0.5,mm,,,0.208947115,0.38931,0.10356,,,0.55603,1.356,,,419,K,,,0.38689,,,,,32,387,K,1.6387,,0.64799
Ca$_{65}$Zn$_{35}$,,,,687,K,,,0.592,,,,,0.232725629,,,,,0.566,,,,407,K,,,0.378,,,,,18,389,K,,0.697,
Cu$_{47}$Ti$_{33}$Zr$_{7}$Nb$_{4}$Ni$_{8}$Si,2.7605,,,1172,K,0.62799,4.7114,0.627986348,5,mm,,,0.212251136,0.3723,0.05011,,,0.60836,1.6035,,,736,K,,,0.39045,,,,,23,713,K,1.6406,,0.64761
Cu$_{47}$Zr$_{43}$Al$_{7}$Ag$_{3}$,4.3678,,,1156,K,0.68772,7.3707,0.687716263,5,mm,,,0.135672324,0.45192,0.17955,,,0.61938,1.8068,,,795,K,,,0.42468,,,,,79,716,K,1.7297,,0.75606
La$_{55}$Al$_{25}$Ag$_{5}$Cu$_{15}$,1.7839,,,860,K,0.5849,4.7714,0.584883721,3,mm,,,0.209582093,0.3847,0.125,,,0.5256,1.2328,,,503,K,,,0.3834,,,,,51,452,K,1.6384,,0.6442
Fe$_{48}$Cr$_{15}$Mo$_{14}$Er$_{2}$C$_{15}$B$_{6}$,2.3184,,,1446,K,0.60858,4.5051,0.60857538,8,mm,,,0.221970655,0.37176,0.0598,,,0.58368,1.4618,,,880,K,,,0.38428,,,,,36,844,K,1.6263,,0.63347
Cu$_{47}$Ti$_{33}$Zr$_{11}$Ni$_{4}$Sn$_{4}$Si,,,,1108,K,,,,,,,,0.074885319,,,,,0.607733948,,,,810,K,,,0.454937139,,,,,137,673,K,,,
Zr$_{48}$Nb$_{8}$Cu$_{14}$Ni$_{12}$Be$_{18}$,3.9218,,,1072,K,0.67537,6.8111,0.675373134,8,mm,,,0.146819163,0.44253,0.16346,,,0.61194,1.7404,,,724,K,,,0.41898,,,,,68,656,K,1.7156,,0.73881
Fe$_{66}$Co$_{6}$Y$_{6}$B$_{22}$,2.4057,,,1509,K,0.613,4.5763,0.612988734,2,mm,,,0.218517143,0.3746,0.0611,,,0.5878,1.4871,,,925,K,,,0.3861,,,,,38,887,K,1.6306,,0.6382
Ni$_{59}$Zr$_{20}$Ti$_{16}$Sn$_{5}$,3.7133,,,1288,K,0.66304,5.5064,0.663043478,1,mm,,,0.181606857,0.40511,0.07463,,,0.63587,1.8209,,,854,K,,,0.40532,,,,,35,819,K,1.6786,,0.69022
Al$_{35}$Ca$_{65}$,,,,818,K,,,0.715,,,,,0.147041968,,,,,0.688,,,,585,K,,,0.424,,,,,22,563,K,,0.701,
Fe$_{62}$Co$_{10}$Y$_{6}$B$_{22}$,2.5298,,,1503,K,0.6201,4.7993,0.620093147,2.5,mm,,,0.20836372,0.387,0.0761,,,0.5888,1.5081,,,932,K,,,0.3903,,,,,47,885,K,1.6419,,0.6514
Fe$_{63}$C$_{15}$Mo$_{14}$Er$_{2}$B$_{6}$,2.0479,,,1389,K,0.59755,4.6506,0.597552196,3,mm,,,0.215026018,0.38436,0.09547,,,0.55508,1.343,,,830,K,,,0.38426,,,,,59,771,K,1.6316,,0.64003
Fe$_{80}$P$_{13}$C$_{7}$,,,,1258,K,,,,,,,,,,,,,0.585,,,,,,,,,,,,,,736,K,,,
Zr$_{39.88}$Ti$_{15.12}$Ni$_{9.98}$Cu$_{13.77}$Be$_{21.25}$,4.2138,,,1006,K,0.68191,,0.681908549,,,,,0.14749,0.44354,0.15119,1.4,K/s,0.62525,1.8196,,,686,K,,,0.41957,,,,,57,629,K,1.7159,,0.73857
Zr$_{60}$Cu$_{40}$Al$_{10}$,,,,1123,K,,,,,,,,,,,,,0.619,,,,,,,,,,,,,,706,K,,,
Pd$_{71.5}$Cu$_{12}$Si$_{16.5}$,1.9733,,,1154,K,0.58925,4.2232,0.589254766,2,mm,,,0.23678727,0.3602,0.05578,,,0.56499,1.3546,,,680,K,,,0.37652,,,,,28,652,K,1.6079,,0.61352
Ti$_{50}$Zr$_{15}$Cu$_{9}$Ni$_{8}$Be$_{18}$,3.4197,,,1009,K,0.6561,5.6544,0.656095144,6,mm,,,0.176853424,0.41637,0.10336,,,0.61645,1.7106,,,662,K,,,0.40589,,,,,40,622,K,1.6808,,0.69574
Zr$_{45}$Cu$_{47}$Al$_{8}$,,,,1195,K,,,,,,,,0.17,,,,,0.604,,,,782,K,,,0.408,,,,,60,722,K,,,
Zr$_{50}$Cu$_{38}$Ag$_{12}$,2.3714,,,1187,K,0.6184,5.3616,0.618365628,4,mm,,,0.186511489,0.4058,0.1355,,,0.5586,1.4008,,,734,K,,,0.3968,,,,,71,663,K,1.6656,,0.6782
Mg$_{57}$Cu$_{31.5}$Y$_{9.2}$Nd$_{2.3}$,2.8411,,,777,K,0.64607,7.0315,0.646074646,10,mm,,,0.142217166,0.42857,0.21203,,,0.55084,1.4384,,,502,K,,,0.4166,,,,,74,428,K,1.7237,,0.74131
(Cu$_{0.6}$Hf$_{0.25}$Ti$_{0.15}$)$_{92}$Nb$_{8}$,3.3871,,,1198,K,0.65359,5.4167,0.653589316,2.5,mm,,,0.184614249,0.40634,0.08389,,,0.62187,1.7285,,,783,K,,,0.40299,,,,,38,745,K,1.6729,,0.68531
Sr$_{75}$Zn$_{25}$,,,,738,K,,,,,,,,,,,,,0.515,,,,,,,,,,,,,,380,K,,0.66,
Ni$_{42}$Ti$_{20}$Zr$_{25}$Al$_{8}$Cu$_{5}$,1.895,,,1366,K,0.58785,4.4674,0.587847731,0.5,mm,,,0.223843847,0.37701,0.089,,,0.54758,1.2994,,,803,K,,,0.37985,,,,,55,748,K,1.6211,,0.62811
Mg$_{65}$Cu$_{25}$Y$_{10}$,2.3716,,,760,K,0.62237,,0.622368421,,,,,0.16897,0.41241,0.17291,50,K/s,0.54342,1.3631,,,473,K,,,0.40324,,,,,60,413,K,1.6887,,0.70132
Zr$_{53}$Al$_{14}$Ni$_{10}$Cu$_{19}$Y$_{4}$,5.5734,,,1069,K,0.71656,9.7162,0.71655753,5,mm,,,0.102920895,0.4749,0.24439,,,0.62488,1.9102,,,766,K,,,0.44099,,,,,98,668,K,1.7716,,0.80823
Ca$_{70}$Mg$_{10}$Cu$_{20}$,1.6734,,,713,K,0.57083,4.0871,0.570827489,1,mm,,,0.244672262,0.35861,0.06707,,,0.53997,1.2409,,,407,K,,,0.37067,,,,,22,385,K,1.5971,,0.60168
Cu$_{46}$Zr$_{46}$Ag$_{8}$,2.8322,,,1167,K,0.6384,5.7323,0.638389032,4,mm,,,0.174450046,0.4176,0.1388,,,0.5801,1.5204,,,745,K,,,0.404,,,,,68,677,K,1.6806,,0.6967
Ca$_{50}$Mg$_{15}$Zn$_{10}$Cu$_{25}$,2.8794,,,678,K,0.64012,5.7509,0.640117994,10,mm,,,0.173885827,0.41839,0.13781,,,0.5826,1.5336,,,434,K,,,0.40447,,,,,39,395,K,1.6813,,0.69764
Cu$_{47}$Ti$_{33}$Zr$_{3}$Nb$_{8}$Ni$_{8}$Si,2.0953,,,1228,K,0.59528,4.2171,0.595276873,1,mm,,,0.237129781,0.35319,0.04423,,,0.57655,1.4058,,,731,K,,,0.37758,,,,,23,708,K,1.609,,0.61401
Zr$_{46.75}$Ti$_{8.25}$Cu$_{8.25}$Ni$_{10}$Be$_{275}$,,,,1050,K,,,,,,,,,,,,,0.567,,,,,,,,,,,,,,595,K,,,
Ca$_{55}$Mg$_{25}$Cu$_{20}$,2.9574,,,668,K,0.64072,5.4588,0.640718563,8,mm,,,0.183190445,0.41167,0.11111,,,0.59581,1.5852,,,428,K,,,0.4015,,,,,30,398,K,1.6712,,0.68563
Au$_{49}$Ag$_{5.5}$Pd$_{2.3}$Cu$_{26.9}$Si$_{16.3}$,,5,mm,644,K,,,0.712732919,,,,,0.21400541,,,,,0.622670807,,,,459,K,,,0.43923445,,,,,,401,K,,,
Zr$_{64.8}$Al$_{8.3}$Ni$_{11.4}$Cu$_{15.5}$,,,,1143,K,,,,,,,,0.141179572,,,,,0.572,,,,752,K,,,0.418708241,,,,,99,653,K,,,
Mg$_{65}$Cu$_{7.5}$Ni$_{7.5}$Ag$_{5}$Zn$_{5}$Gd$_{5}$Y$_{5}$,3.385,,,718,K,0.65738,6.0234,0.657381616,14,mm,,,0.166019192,0.42669,0.1338,,,0.60446,1.662,,,472,K,,,0.40972,,,,,38,434,K,1.692,,0.71031
La$_{55}$Al$_{25}$Cu$_{20}$,1.4037,,,896,K,0.55246,,0.552455357,,,,,0.24666,0.35805,0.08864,72.3,K/s,0.50893,1.125,,,495,K,,,0.36612,,,,,39,456,K,1.5945,,0.59598
La$_{55}$Al$_{25}$Ni$_{10}$Cu$_{10}$,3.0878,,,835,K,0.65533,,0.655329341,,,,,0.13641,0.43473,0.21708,22.5,K/s,0.55976,1.4886,,,547.2,K,,,0.42015,,,,,79.8,467.4,K,1.7305,,0.7509
Ca$_{60}$Mg$_{17.5}$Zn$_{22.5}$,3.0748,,,650,K,0.64769,5.945,0.647692308,10,mm,,,0.168208579,0.42345,0.14232,,,0.58923,1.5768,,,421,K,,,0.40755,,,,,38,383,K,1.6884,,0.70615
La$_{62}$Al$_{14}$Cu$_{16}$Ag$_{8}$,2.2789,,,744,K,0.61559,5.5116,0.615591398,5,mm,,,0.181435518,0.40647,0.15134,,,0.54704,1.3591,,,458,K,,,0.39791,,,,,51,407,K,1.6724,,0.68414
La$_{62}$Al$_{14}$(Cu$_{.833}$Ag$_{.167}$)$_{16}$(Ni$_{.15}$Co$_{.15}$)$_{8}$,3.7097,,,708,K,0.67373,7.6377,0.673728814,16,mm,,,0.130929468,0.44663,0.2116,,,0.58616,1.628,,,477,K,,,0.42476,,,,,62,415,K,1.7356,,0.7613
Ni$_{42}$Ti$_{20}$Zr$_{22.5}$Al$_{8}$Cu$_{5}$Si$_{2.5}$,2.2406,,,1367,K,0.60936,4.9522,0.60936357,2,mm,,,0.201930455,0.39509,0.11,,,0.56108,1.3883,,,833,K,,,0.39035,,,,,66,767,K,1.6471,,0.65764
Mg$_{70}$Ni$_{15}$Nd$_{15}$,1.812,,,844,K,0.57938,,0.579383886,,,,,0.24258,0.35746,0.05836,178.2,K/s,0.55332,1.2971,,,489,K,,,0.373,,,,,22,467,K,1.6004,,0.60545
Cu$_{44}$Zr$_{44}$Ag$_{6}$Al$_{6}$,4.4002,,,1144,K,0.6906,7.9572,0.690559441,10,mm,,,0.125672347,0.4567,0.2063,,,0.6101,1.7713,,,790,K,,,0.4289,,,,,92,698,K,1.7419,,0.771
Zr$_{55}$Cu$_{35}$Al$_{10}$,,,,1144,K,,,,,,,,0.146,,,,,0.601,,,,767,K,,,0.419,,,,,79,688,K,,,
Cu$_{54}$Zr$_{36}$Ag$_{10}$,3.6438,,,1146,K,0.6623,5.6736,0.662303665,6,mm,,,0.176254935,0.4151,0.0937,,,0.6274,1.7775,,,759,K,,,0.407,,,,,40,719,K,1.683,,0.6972
Ni$_{60}$Nb$_{30}$Ta$_{10}$,2.51,,,1559,K,0.61642,4.4922,0.616420783,2,mm,,,0.222608076,0.36093,0.0432,,,0.5991,1.5376,,,961,K,,,0.38548,,,,,27,934,K,1.628,,0.63374
((Fe$_{0.8}$Co$_{0.2}$)$_{0.75}$B$_{0.2}$Si$_{0.05}$)$_{96}$Nb$_{4}$,2.4058,,,1431,K,0.61495,4.7848,0.614954577,2.5,mm,,,0.208995151,0.38812,0.08319,,,0.58001,1.4642,,,880,K,,,0.38921,,,,,50,830,K,1.6403,,0.6499
Ag$_{10}$Cu$_{35}$Zr$_{55}$,,,,1210.869,K,,,,,,,,0.188709549,,,,,0.534391278,,,,730.9455,K,,,0.393415876,,,,,83.8679211,647.0776,K,,,
Zr$_{49}$Cu$_{44}$Al$_{7}$,,,,1184,K,,,,,,,,0.176,,,,,0.595,,,,764,K,,,0.405,,,,,60,704,K,,,
Fe$_{70}$Ni$_{2}$Y$_{6}$B$_{22}$,2.3867,,,1509,K,0.613,4.6589,0.612988734,2,mm,,,0.214642941,0.3812,0.0715,,,0.5832,1.4706,,,925,K,,,0.3872,,,,,45,880,K,1.6343,,0.6428
Pd$_{75}$Si$_{25}$,0.9118,,,1343,K,0.48846,,0.488458675,,,,,0.34367,0,0,1E6,K/s,0.48846,0.9549,,,656,K,,,0.32816,,,,,0,656,K,1.4885,,0.48846
Al$_{19.4}$Co$_{24.8}$Zr$_{55.8}$,,,,1302,K,,,,,,,,0.184241384,,,,,0.577,,,,820,K,,,0.39941549,,,,,69,751,K,,,
Zr$_{48}$Cu$_{40}$Al$_{7}$Ag$_{5}$,4.3383,,,1121,K,0.68599,7.1002,0.685994648,10,mm,,,0.140841103,0.4487,0.16588,,,0.62355,1.8223,,,769,K,,,0.42253,,,,,70,699,K,1.7237,,0.74844
Al$_{22}$Co$_{24}$Zr$_{54}$,,,,1316,K,,,,,,,,0.173987883,,,,,0.584,,,,843,K,,,0.404510557,,,,,75,768,K,,,
Mg$_{61}$Cu$_{29}$Gd$_{10}$,2.5351,,,762,K,0.62992,6.0849,0.62992126,4,mm,,,0.164341238,0.4173,0.17544,,,0.55118,1.4035,,,480,K,,,0.40609,,,,,60,420,K,1.694,,0.70866
Fe$_{78}$MoP$_{10}$C$_{4}$B$_{4}$Si$_{3}$,2.4266,,,1268,K,0.61496,4.6924,0.615141956,1.5,mm,,,0.213110562,0.38247,0.07219,,,0.585,1.4818,,,780,K,,,0.38799,,,,,38,742,K,1.6362,,0.64492
Cu$_{46}$Zr$_{42}$Al$_{7}$Y$_{5}$,4.4615,,,1113,K,0.69362,8.5088,0.693620845,10,mm,,,0.117525385,0.45979,0.22676,,,0.60377,1.7506,,,772,K,,,0.43249,,,,,100,672,K,1.7526,,0.78347
Ca$_{60}$Mg$_{15}$Cu$_{25}$,2.5266,,,687,K,0.623,5.1565,0.622998544,1,mm,,,0.193929991,0.40226,0.10997,,,0.57642,1.4708,,,428,K,,,0.3952,,,,,32,396,K,1.6572,,0.66958
Mg$_{60.5}$Cu$_{28.5}$Gd$_{11}$,2.8275,,,755,K,0.64238,6.4123,0.642384106,8,mm,,,0.155950283,0.42546,0.18182,,,0.56291,1.4697,,,485,K,,,0.41102,,,,,60,425,K,1.7041,,0.72185
Ca$_{65}$Mg$_{5}$Cu$_{30}$,1.5409,,,757,K,0.56011,3.9117,0.56010568,0.5,mm,,,0.255643326,0.34892,0.05932,,,0.53236,1.1977,,,424,K,,,0.36552,,,,,21,403,K,1.5845,,0.58785
Cu$_{55}$Ni$_{5}$Zr$_{30}$Ti$_{10}$,2.609,,,1204,K,0.62292,4.773,0.622923588,2,mm,,,0.209511837,0.38344,0.06776,,,0.59551,1.54,,,750,K,,,0.39042,,,,,33,717,K,1.6415,,0.65033
Tb$_{36}$Al$_{24}$Co$_{20}$Y$_{20}$,,5,mm,1021,K,,,0.850146915,,,,,0.18594699,,,,,0.606268364,,,,868,K,,,0.529268293,,,,,,619,K,,,
Y$_{56}$Al$_{24}$Co$_{20}$,2.915,,,1078,K,0.64007,5.5675,0.640074212,1.5,mm,,,0.17961383,0.41464,0.12217,,,0.58998,1.5611,,,690,K,,,0.40257,,,,,54,636,K,1.6749,,0.69017
Mg$_{59}$Cu$_{31}$Gd$_{10}$,2.4811,,,769,K,0.62679,5.9222,0.626788036,4,mm,,,0.168856168,0.41486,0.16812,,,0.55137,1.3971,,,482,K,,,0.40402,,,,,58,424,K,1.6882,,0.70221
Cu$_{42}$Zr$_{42}$Ag$_{16}$,2.2983,,,1232,K,0.6145,5.2568,0.614448052,2,mm,,,0.190229798,0.4029,0.1316,,,0.556,1.3839,,,757,K,,,0.3949,,,,,72,685,K,1.6611,,0.6729
Al$_{28.5}$Ca$_{56.5}$Mg$_{15}$,,,,,,,,,,,,,,,,,,,,,,528,K,,,,,,,,,503,K,,,
Ag$_{35}$Ca$_{65}$,,,,868,K,,,0.503,,,,,0.343035386,,,,,0.515,,,,437,K,,,0.332,,,,,22,447,K,,0.716,
Cu$_{46}$Zr$_{46}$Al$_{8}$,,,,1155,K,,,,,,,,0.14,,,,,0.61,,,,783,K,,,0.422,,,,,82,701,K,,,
Ag$_{20}$Cu$_{40}$Zr$_{40}$,,,,1209.079,K,,,,,,,,,,,,,,,,,,,,,,,,,,,75.76047,K,,,
Zr$_{66}$Al$_{9}$Cu$_{16}$Ni$_{9}$,2.5716,,,1170.6,K,0.62934,,0.629335384,,,,,0.17297,0.41506,0.15485,4.1,K/s,0.56142,1.4349,,,736.7,K,,,0.40305,,,,,79.5,657.2,K,1.6824,,0.69725
Ti$_{50}$Ni$_{15}$Cu$_{25}$Sn$_{3}$Be$_{7}$,2.2446,,,1207,K,0.60729,4.7062,0.607290804,2,mm,,,0.212485657,0.38594,0.08671,,,0.57001,1.4123,,,733,K,,,0.38681,,,,,45,688,K,1.6354,,0.64457
Ca$_{65}$Mg$_{20}$Cu$_{15}$,2.0823,,,679,K,0.59647,4.382,0.59646539,2,mm,,,0.228206298,0.36957,0.06485,,,0.56848,1.3823,,,405,K,,,0.38028,,,,,19,386,K,1.6177,,0.62445
(Fe$_{0.75}$B$_{0.15}$Si$_{0.10}$)$_{96}$Nb$_{4}$,3.1565,,,1369,K,0.64653,5.3839,0.646457268,1.5,mm,,,0.185738962,0.40783,0.09366,,,0.61,1.6578,,,885,K,,,0.40157,,,,,50,835,K,1.6699,,0.68305
Mg$_{65}$Cu$_{15}$Ag$_{10}$Y$_{4}$Gd$_{6}$,4.2836,,,682,K,0.68475,7.0824,0.684750733,8,mm,,,0.141195075,0.44818,0.16667,,,0.6217,1.8101,,,467,K,,,0.42224,,,,,43,424,K,1.7231,,0.7478
Zr$_{44}$Ti$_{11}$Cu$_{10}$Ni$_{10}$Be$_{25}$,2.1178,,,1206,K,0.61277,,0.612769486,,,,,0.16305,0.40631,0.19621,12.5,K/s,0.51824,1.2719,,,739,K,,,0.4036,,,,,114,625,K,1.7006,,0.7073
Pd$_{40}$Cu$_{30}$Ni$_{10}$P$_{20}$,10.068,,,856,K,0.77103,,0.771028037,,,,,0.07512,0.50923,0.27407,0.1,K/s,0.68458,2.4444,,,660,K,,,0.4577,,,,,74,586,K,1.8109,,0.85748
{[(Fe0.6Co0.4)0.75B0.2Si0.05]0.96Nb0.04}96Cr4,1.976,,,1481,K,0.5901,4.2896,0.590141796,3,mm,,,0.233121969,0.3657,0.0633,,,0.5625,1.3488,,,874,K,,,0.3777,,,,,41,833,K,1.6117,,0.6178
Ni$_{60}$Nb$_{35}$Zr$_{5}$,2.7006,,,1458,K,0.62483,4.6051,0.624828532,1.5,mm,,,0.21715055,0.36306,0.04203,,,0.60837,1.5954,,,911,K,,,0.38849,,,,,24,887,K,1.6354,,0.64129
Au$_{55}$Cu$_{25}$Si$_{20}$,,0.5,mm,654,K,,,0.585626911,,,,,,,,,,0.532110092,,,,383,K,,,0.382235529,,,,,,348,K,,,
Ni$_{69}$Cr$_{8.5}$Nb$_{3}$P$_{14.5}$B$_{5}$,,,,1214,K,,,,,,,,,,,,,0.55,,,,,,,,,,,,,,668,K,,,
"Fe$_{76}$Mo$_{4}$(P$_{0.45}$,C$_{0.2}$,B$_{0.2}$,Si$_{0.15}$)$_{20}$",2.8072,,,1245,K,0.6329,5.1008,0.632931727,4,mm,,,0.196047679,0.3988,0.0878,,,0.5976,1.5729,,,788,K,,,0.3962,,,,,44,744,K,1.6567,,0.6683
((Ni$_{0.7}$Fe$_{0.3}$)$_{0.75}$B$_{0.2}$Si$_{0.05}$)$_{96}$Nb$_{4}$,1.8945,,,1356,K,0.58628,4.3263,0.586283186,2.5,mm,,,0.231144396,0.36989,0.07426,,,0.553,1.3119,,,795,K,,,0.37749,,,,,45,750,K,1.6131,,0.61947
Cu$_{52.5}$Zr$_{42.5}$Al$_{5}$,,,,1162.295,K,,,,,,,,,,,,,0.61,,,,,,,,,,,,,71,709,K,,,
Fe$_{76}$Mo$_{3}$P$_{10}$C$_{4}$B$_{4}$Si$_{3}$,2.8478,,,1250,K,0.6344,5.1079,0.6344,3.5,mm,,,0.195775172,0.39866,0.086,,,0.6,1.586,,,793,K,,,0.3965,,,,,43,750,K,1.6573,,0.6688
Zr$_{47}$Cu$_{49}$Al$_{4}$,,,,1204,K,,,,,,,,0.201,,,,,0.585,,,,750,K,,,0.393,,,,,46,704,K,,,
Al$_{35}$Sr$_{65}$,,,,993,K,,,,,,,,,,,,,0.493,,,,,,,,,,,,,,490,K,,0.665,
((Co$_{0.7}$Fe$_{0.3}$)$_{0.75}$B$_{0.2}$Si$_{0.05}$)$_{96}$Nb$_{4}$,2.1705,,,1430,K,0.6014,4.4524,0.601398601,3.5,mm,,,0.22459797,0.3723,0.06557,,,0.573,1.4098,,,860,K,,,0.38222,,,,,40,820,K,1.6222,,0.62937
Pd$_{16}$Ni$_{64}$P$_{20}$,,,,1048,K,,,,,,,,,,,,,0.541,,,,,,,,,,,,,,567,K,,,
Zr$_{63.8}$Al$_{11.4}$Ni$_{17.2}$Cu$_{7.6}$,,,,1153,K,,,,,,,,0.14947866,,,,,0.582,,,,758,K,,,0.415570175,,,,,87,671,K,,,
Cu$_{45}$Ni$_{5}$Ag$_{10}$Zr$_{30}$Ti$_{10}$,2.9423,,,1160,K,0.63621,4.9334,0.636206897,5,mm,,,0.202699964,0.38549,0.06222,,,0.61207,1.64,,,738,K,,,0.39465,,,,,28,710,K,1.6515,,0.66034
(Fe$_{0.75}$B$_{0.2}$Si$_{0.05}$)$_{96}$Nb$_{4}$,2.0756,,,1475,K,0.59661,4.4263,0.596610169,1.5,mm,,,0.225922328,0.37282,0.07031,,,0.5661,1.375,,,880,K,,,0.38095,,,,,45,835,K,1.62,,0.62712
Ti$_{50}$Ni$_{15}$Cu$_{32}$Sn$_{3}$,,,,1283,K,,,,,,,,,,,,,0.53,,,,,,,,,,,,,73,686,K,,,
Fe$_{76}$Mo$_{2}$Ga$_{2}$P$_{10}$C$_{4}$B$_{4}$Si$_{2}$,2.7473,,,1247,K,0.63168,5.2118,0.6319166,2,mm,,,0.19187229,0.4039,0.10167,,,0.59,1.5407,,,788,K,,,0.39729,,,,,52,736,K,1.6607,,0.67337
Mg$_{65}$Zr$_{35}$,,,,616,K,,,0.615,,,,,0.210819295,,,,,0.583,,,,379,K,,,0.389,,,,,20,359,K,,0.875,
Cu$_{45}$Zr$_{55}$,,,,1203,K,,,0.606,,,,,0.197494069,,,,,0.549,,,,729,K,,,0.391,,,,,68,661,K,,0.797,
Fe$_{64}$Co$_{8}$Y$_{6}$B$_{22}$,2.4529,,,1505,K,0.616,4.6826,0.615946844,2.5,mm,,,0.213556571,0.3812,0.0692,,,0.5874,1.4928,,,927,K,,,0.388,,,,,43,884,K,1.636,,0.6445
Mg$_{65}$Cu$_{7.5}$Ni$_{7.5}$Ag$_{5}$Zn$_{5}$Gd$_{10}$,3.3851,,,726,K,0.65702,5.9625,0.657024793,11,mm,,,0.167714885,0.42536,0.12937,,,0.60606,1.6678,,,477,K,,,0.40909,,,,,37,440,K,1.6902,,0.70799
Ce$_{55}$Al$_{25}$Cu$_{20}$,,,,744.0678,K,,,,,,,,0.174354328,,,,,0.59,,,,479,K,,,0.404879586,,,,,40,439,K,,,
Al$_{89.5}$Ni$_{3.5}$Y$_{7}$,,,,1146,K,,,,,,,,0.451,,,,,0.37,,,,428,K,,,0.273,,,,,4,424,K,,,
Fe$_{39}$Co$_{9}$Cr$_{15}$Mo$_{14}$C$_{15}$B$_{6}$Y$_{2}$,2.2274,,,1466,K,0.60573,4.624,0.605729877,10,mm,,,0.216262976,0.38198,0.07962,,,0.57162,1.414,,,888,K,,,0.38542,,,,,50,838,K,1.6313,,0.63984
Ag$_{15}$Cu$_{45}$Zr$_{40}$,,,,1188.829,K,,,,,,,,,,,,,0.586262414,,,,,,,,,,,,,,,,,,
Au$_{77}$Si$_{9.4}$Ge$_{13.6}$,,,,625,K,,,,,,,,,,,,,0.469,,,,,,,,,,,,,,293,K,,,
Fe$_{68}$Ni$_{4}$Y$_{6}$B$_{22}$,2.4952,,,1470,K,0.617,4.6136,0.617006803,1.5,mm,,,0.216750477,0.3746,0.0585,,,0.5932,1.5167,,,907,K,,,0.3873,,,,,35,872,K,1.6333,,0.6408
Mg$_{30}$Sr$_{70}$,,,,699,K,,,,,,,,,,,,,0.558,,,,,,,,,,,,,,390,K,,0.755,
Mg$_{80}$Ni$_{10}$Nd$_{10}$,1.2909,,,878,K,0.53645,,0.536446469,,,,,0.28222,0.32326,0.04009,1251.4,K/s,0.51708,1.1108,,,471,K,,,0.3536,,,,,17,454,K,1.5545,,0.55581
Al$_{35}$La$_{50}$Ni$_{15}$,,,,971,K,,,,,,,,0.185,,,,,0.548,,,,596,K,,,0.397,,,,,64,532,K,,,
Al$_{15.4}$Co$_{26}$Zr$_{58.6}$,,,,1282,K,,,,,,,,0.214776112,,,,,0.565,,,,773,K,,,0.385343968,,,,,49,724,K,,,
La$_{62.5}$Al$_{12.5}$Ag$_{5}$Cu$_{17.5}$Co$_{2.5}$,3.2543,,,712,K,0.6643,8.3644,0.664325843,8,mm,,,0.119554302,0.4396,0.2508,,,0.552,1.4828,,,473,K,,,0.4281,,,,,80,393,K,1.7555,,0.7767
Cu$_{47}$Ti$_{33}$Nb$_{11}$Ni$_{8}$Si,1.8294,,,1265,K,0.57866,3.9847,0.578656126,0.5,mm,,,0.250959922,0.34151,0.03964,,,0.56126,1.3189,,,732,K,,,0.37063,,,,,22,710,K,1.5923,,0.59605
Pr$_{68}$Cu$_{25}$Al$_{7}$,1.6726,,,705,K,0.57021,4.0421,0.570212766,1.5,mm,,,0.247396155,0.35537,0.06192,,,0.54184,1.2446,,,402,K,,,0.36983,,,,,20,382,K,1.5942,,0.59858
Ni$_{40}$Zr$_{60}$,,,,1413,K,,,0.52,,,,,0.299324848,,,,,0.505,,,,735,K,,,0.346,,,,,22,713,K,,0.797,
(Cu$_{0.6}$Hf$_{0.25}$Ti$_{0.15}$)$_{96}$Nb$_{4}$,3.7021,,,1188,K,0.66414,5.7249,0.664141414,4,mm,,,0.17467554,0.41662,0.09524,,,0.62879,1.7891,,,789,K,,,0.40775,,,,,42,747,K,1.685,,0.69949
La$_{32}$Ce$_{32}$Al$_{16}$Ni$_{5}$Cu$_{10}$Co$_{5}$,3.0614,,,718,K,0.65042,6.4918,0.650417827,12,mm,,,0.154040482,0.43001,0.17705,,,0.57521,1.5311,,,467,K,,,0.41291,,,,,54,413,K,1.706,,0.72563
Ca$_{65}$Ga$_{35}$,,,,991,K,,,,,,,,,,,,,0.567,,,,,,,,,,,,,,562,K,,0.667,
Cu$_{33.5}$Zr$_{66.5}$,,,,1273,K,,,0.542,,,,,0.251677628,,,,,0.496,,,,690,K,,,0.362,,,,,59,631,K,,0.797,
Fe$_{48}$Cr$_{15}$Mo$_{14}$C$_{15}$B$_{6}$Y$_{2}$,2.2251,,,1464,K,0.60519,4.5801,0.605191257,7,mm,,,0.218335844,0.37952,0.0752,,,0.57309,1.4176,,,886,K,,,0.38472,,,,,47,839,K,1.6291,,0.6373
Ni$_{60}$Zr$_{20}$Ti$_{2.5}$Nb$_{12.5}$Al$_{5}$,3.2412,,,1378,K,0.6509,5.6561,0.650943396,2,mm,,,0.176800269,0.4172,0.1126,,,0.6067,1.655,,,897,K,,,0.4052,,,,,61,836,K,1.6796,,0.6952
Fe$_{61}$B$_{15}$Mo$_{7}$Zr$_{8}$Co$_{6}$Y$_{2}$Al,2.9543,,,1495,K,0.6392,5.2635,0.639197324,5,mm,,,0.189987651,0.40461,0.09421,,,0.60167,1.6047,,,955.6,K,,,0.39908,,,,,56.1,899.5,K,1.664,,0.67672
La$_{62.5}$Al$_{12.5}$Ag$_{5}$Cu$_{20}$,2.9614,,,721,K,0.6547,8.1135,0.654646325,6,mm,,,0.123251371,0.4326,0.25,,,0.5395,1.4217,,,472,K,,,0.4252,,,,,83,389,K,1.7529,,0.7698
Cu$_{52.5}$Zr$_{40}$Ga$_{7.5}$,2.9725,,,1218,K,0.63793,5.0221,0.637931034,1.5,mm,,,0.19911989,0.39124,0.06962,,,0.61084,1.6392,,,777,K,,,0.39602,,,,,33,744,K,1.6552,,0.66502
Ca$_{65}$Mg$_{15}$Cu$_{20}$,2.1018,,,682,K,0.59971,4.6044,0.599706745,4,mm,,,0.217183564,0.38226,0.08696,,,0.56158,1.3679,,,409,K,,,0.38404,,,,,26,383,K,1.6295,,0.63783
Mg$_{65}$Cu$_{15}$Ag$_{5}$Pd$_{5}$Gd$_{10}$,2.6644,,,748,K,0.63102,5.5259,0.631016043,10,mm,,,0.180965996,0.4122,0.13208,,,0.57487,1.4843,,,472,K,,,0.40068,,,,,42,430,K,1.6725,,0.68717
Nd$_{61}$Al$_{11}$Ni$_{8}$Co$_{5}$Cu$_{15}$,,,,744,K,,,,,,729,K,,,,,,0.598,,6,mm,,,,,,near eutectic,,,,,445,K,,,
Zr$_{48}$Cu$_{37}$Al$_{7}$Ag$_{8}$,4.1201,,,1125,K,0.68,6.8191,0.68,10,mm,,,0.146646918,0.44377,0.15691,,,0.62044,1.7916,,,765,K,,,0.41964,,,,,67,698,K,1.7164,,0.73956
Ti$_{40}$Zr$_{10}$Cu$_{34}$Pd$_{16}$,1.8827,,,1231,K,0.58733,4.4801,0.587327376,4,mm,,,0.223209303,0.37755,0.09123,,,0.5459,1.2934,,,723,K,,,0.37993,,,,,51,672,K,1.6218,,0.62876
Mg$_{65}$Cu$_{25}$Ho$_{10}$,2.5522,,,751,K,0.62983,5.9678,0.629826897,1,mm,,,0.167565937,0.41668,0.16766,,,0.55526,1.4162,,,473,K,,,0.40497,,,,,56,417,K,1.6896,,0.70439
Cu$_{54}$Zr$_{27}$Ti$_{9}$Be$_{10}$,,5,mm,1130,K,,,0.674336283,,,,,0.166503511,,,,,0.637,,,,762,K,,,0.412,,,,,42,720,K,,,
La$_{55}$Al$_{20}$Ag$_{5}$Cu$_{20}$,2.1073,,,823,K,0.6112,5.9673,0.611178615,4,mm,,,0.167579978,0.4054,0.1878,,,0.5213,1.2766,,,503,K,,,0.4018,,,,,74,429,K,1.6938,,0.7011
Zr$_{47}$Cu$_{45}$Al$_{8}$,,,,1218,K,,,,,,,,0.186,,,,,0.586,,,,772,K,,,0.4,,,,,58,714,K,,,
(Cu$_{60}$Zr$_{30}$Ti$_{10}$)$_{96}$Sn$_{4}$,,,,1135,K,,,,,,,,0.174979276,,,,,0.65,,,,770,K,,,0.409,,,,,25,745,K,,,
Nd$_{60}$Al$_{15}$Ni$_{10}$Cu$_{10}$Fe$_{5}$,,,,779,K,,,,,,709,K,,,,,,0.552,,4,mm,,,,,,off eutectic,,,,,430,K,,,
Cu$_{43}$Zr$_{43}$Al$_{7}$Be$_{7}$,5.892,,,1126,K,0.72202,10.011,0.722024867,12,mm,,,0.099890121,0.47844,0.2476,,,0.63055,1.9543,,,813,K,,,0.44281,,,,,103,710,K,1.7756,,0.8135
(Cu$_{60}$Zr$_{30}$Ti$_{10}$)$_{90}$Be$_{10}$,4.0513,,,1130,K,0.67434,6.0059,0.674336283,5,mm,,,0.166502939,0.4244,0.10244,,,0.63717,1.8585,,,762,K,,,0.41189,,,,,42,720,K,1.6955,,0.7115
Ce$_{68}$Al$_{10}$Cu$_{20}$Fe$_{2}$,,5,mm,708,K,,,0.597457627,,,,,0.096783626,,,,,0.497175141,,,,423,K,,,0.399056604,,,,,,352,K,,,
"Fe$_{46}$Co$_{30}$Mo$_{4}$(P$_{0.45}$,C$_{0.2}$,B$_{0.2}$,Si$_{0.15}$)$_{20}$",2.7119,,,1233,K,0.6286,4.9805,0.628548256,3,mm,,,0.200783054,0.3941,0.0822,,,0.5953,1.5531,,,775,K,,,0.394,,,,,41,734,K,1.6512,,0.6618
Al$_{15}$Ca$_{70}$Mg$_{15}$,,,,771,K,,,,,,,,0.207753806,,,,,0.544747082,,,,460,K,,,0.386230059,,,,,,420,K,,,
Al$_{85}$Ni$_{5}$Y$_{10}$,,,,1249,K,,,,,,,,0.358,,,,,0.42,,,,560,K,,,0.314,,,,,23,537,K,,,
La$_{66}$Al$_{14}$Cu$_{20}$,2.2302,,,731,K,0.61423,,0.614227086,,,,,0.17813,0.40654,0.16071,37.5,K/s,0.54036,1.3363,,,449,K,,,0.39876,,,,,54,395,K,1.6771,,0.6881
Mg$_{65}$Cu$_{25}$Pr$_{10}$,1.6123,,,784,K,0.56888,4.2382,0.568877551,1,mm,,,0.235949224,0.36703,0.08895,,,0.52679,1.2022,,,446,K,,,0.3726,,,,,33,413,K,1.6067,,0.61097
{[(Fe0.6Co0.4)0.75B0.2Si0.05]0.96Nb0.04}98Cr2,2.0399,,,1469,K,0.5943,4.3727,0.594281824,4,mm,,,0.228691655,0.37,0.0673,,,0.565,1.3662,,,873,K,,,0.3797,,,,,43,830,K,1.6168,,0.6236
Fe$_{27}$Co$_{40}$Zr$_{3}$Ti$_{3}$Mo$_{1.5}$Si$_{1.5}$B$_{24}$,2.538,,,1379,K,0.6207,4.8358,0.620739666,1.5,mm,,,0.206791017,0.3889,0.0792,,,0.5881,1.507,,,856,K,,,0.3909,,,,,45,811,K,1.6436,,0.6534
Pd$_{79.5}$Au$_{4}$Si$_{16.5}$,,,,1040,K,,,,,,,,,,,,,0.596,,,,,,,,,,,,,,620,K,,,
Cu$_{57}$Zr$_{36}$Ag$_{7}$,3.343,,,1156,K,0.6531,5.533,0.653114187,4,mm,,,0.180733779,0.4123,0.0969,,,0.6159,1.7005,,,755,K,,,0.4042,,,,,43,712,K,1.6763,,0.6903
(Cu$_{0.5}$Zr$_{0.425}$Ti$_{0.075}$)$_{99}$Si,2.9701,,,1141,K,0.6407,5.3928,0.640666082,6,mm,,,0.185432428,0.4095,0.1048,,,0.5986,1.5961,,,731,K,,,0.4008,,,,,48,683,K,1.6689,,0.6827
((Ni$_{0.6}$Fe$_{0.4}$)$_{0.75}$B$_{0.2}$Si$_{0.05}$)$_{96}$Nb$_{4}$,1.9367,,,1348,K,0.58976,4.4403,0.589762611,3,mm,,,0.225210008,0.37558,0.08292,,,0.553,1.3184,,,795,K,,,0.37984,,,,,50,745,K,1.6198,,0.62685
